Percentiles,Bulk Upload Step 1- Create Draft,Bulk Upload Step 1- Update Data,Bulk Upload Step 1- Upload File,Confirm delivery,Create delivery - step 1,Login,Update delivery - before confirm,View delivery
0.1,234.0,402.0,784.0,181.0,215.0,78.0,246.0,168.0
0.2,234.0,402.0,784.0,181.0,215.0,79.0,246.0,168.0
0.3,234.0,402.0,784.0,181.0,215.0,80.0,246.0,168.0
0.4,234.0,402.0,784.0,420.0,287.0,81.0,261.0,187.0
0.5,234.0,402.0,784.0,420.0,287.0,81.0,261.0,187.0
0.6,234.0,402.0,784.0,420.0,287.0,82.0,261.0,187.0
0.7,234.0,402.0,784.0,420.0,505.0,82.0,261.0,187.0
0.8,234.0,402.0,784.0,445.0,505.0,83.0,264.0,203.0
0.9,234.0,402.0,784.0,445.0,505.0,83.0,264.0,203.0
1.0,234.0,402.0,784.0,445.0,505.0,84.0,264.0,203.0
1.1,234.0,402.0,784.0,445.0,584.0,84.0,303.0,203.0
1.2,234.0,402.0,784.0,518.0,584.0,84.0,303.0,296.0
1.3,234.0,402.0,784.0,518.0,584.0,85.0,303.0,296.0
1.4,234.0,402.0,784.0,518.0,586.0,85.0,303.0,296.0
1.5,234.0,402.0,784.0,518.0,586.0,85.0,304.0,296.0
1.6,234.0,402.0,784.0,577.0,586.0,86.0,304.0,330.0
1.7,234.0,402.0,784.0,577.0,586.0,86.0,304.0,330.0
1.8,234.0,402.0,784.0,577.0,633.0,86.0,421.0,330.0
1.9,234.0,402.0,784.0,642.0,633.0,86.0,421.0,330.0
2.0,234.0,402.0,784.0,642.0,633.0,87.0,421.0,414.0
2.1,234.0,402.0,784.0,642.0,661.0,87.0,421.0,414.0
2.2,234.0,402.0,784.0,642.0,661.0,87.0,433.0,414.0
2.3,234.0,402.0,784.0,676.0,661.0,87.0,433.0,414.0
2.4,234.0,402.0,784.0,676.0,676.0,87.0,433.0,414.0
2.5,234.0,402.0,784.0,676.0,676.0,87.0,518.0,414.0
2.6,234.0,402.0,784.0,676.0,676.0,88.0,518.0,414.0
2.7,234.0,402.0,784.0,789.0,676.0,88.0,518.0,414.0
2.8,234.0,402.0,784.0,789.0,685.0,88.0,518.0,430.0
2.9,234.0,402.0,784.0,789.0,685.0,88.0,578.0,430.0
3.0,234.0,402.0,784.0,789.0,685.0,88.0,578.0,430.0
3.1,234.0,402.0,784.0,789.0,740.0,88.0,578.0,430.0
3.2,234.0,402.0,784.0,789.0,740.0,89.0,655.0,433.0
3.3,234.0,402.0,784.0,789.0,740.0,89.0,655.0,433.0
3.4,234.0,402.0,784.0,825.0,740.0,89.0,655.0,433.0
3.5,234.0,402.0,784.0,825.0,796.0,89.0,655.0,440.0
3.6,234.0,402.0,784.0,825.0,796.0,89.0,659.0,440.0
3.7,234.0,402.0,784.0,825.0,796.0,89.0,659.0,440.0
3.8,234.0,402.0,784.0,1063.0,809.0,89.0,659.0,440.0
3.9,234.0,402.0,784.0,1063.0,809.0,89.0,669.0,479.0
4.0,234.0,402.0,784.0,1063.0,809.0,90.0,669.0,479.0
4.1,234.0,402.0,784.0,1063.0,809.0,90.0,669.0,479.0
4.2,234.0,402.0,784.0,1109.0,822.0,90.0,669.0,479.0
4.3,234.0,402.0,784.0,1109.0,822.0,90.0,670.0,483.0
4.4,234.0,402.0,784.0,1109.0,822.0,90.0,670.0,483.0
4.5,234.0,402.0,784.0,1109.0,872.0,90.0,670.0,483.0
4.6,234.0,402.0,784.0,1133.0,872.0,90.0,679.0,483.0
4.7,234.0,402.0,784.0,1133.0,872.0,90.0,679.0,486.0
4.8,234.0,402.0,784.0,1133.0,915.0,90.0,679.0,486.0
4.9,234.0,402.0,784.0,1133.0,915.0,91.0,679.0,486.0
5.0,234.0,402.0,784.0,1145.0,915.0,91.0,688.0,486.0
5.1,234.0,402.0,784.0,1145.0,915.0,91.0,688.0,532.0
5.2,234.0,402.0,784.0,1145.0,918.0,91.0,688.0,532.0
5.3,234.0,402.0,784.0,1159.0,918.0,91.0,688.0,532.0
5.4,234.0,402.0,784.0,1159.0,918.0,91.0,709.0,532.0
5.5,234.0,402.0,784.0,1159.0,923.0,91.0,709.0,538.0
5.6,234.0,402.0,784.0,1159.0,923.0,91.0,709.0,538.0
5.7,234.0,402.0,784.0,1164.0,923.0,91.0,720.0,538.0
5.8,234.0,402.0,784.0,1164.0,923.0,91.0,720.0,538.0
5.9,234.0,402.0,784.0,1164.0,926.0,91.0,720.0,553.0
6.0,234.0,402.0,784.0,1164.0,926.0,92.0,720.0,553.0
6.1,234.0,402.0,784.0,1181.0,926.0,92.0,727.0,553.0
6.2,234.0,402.0,784.0,1181.0,1052.0,92.0,727.0,553.0
6.3,234.0,402.0,784.0,1181.0,1052.0,92.0,727.0,570.0
6.4,234.0,402.0,784.0,1181.0,1052.0,92.0,782.0,570.0
6.5,234.0,402.0,784.0,1330.0,1052.0,92.0,782.0,570.0
6.6,234.0,402.0,784.0,1330.0,1118.0,92.0,782.0,577.0
6.7,234.0,402.0,784.0,1330.0,1118.0,92.0,782.0,577.0
6.8,234.0,402.0,784.0,1459.0,1118.0,92.0,783.0,577.0
6.9,234.0,402.0,784.0,1459.0,1131.0,92.0,783.0,577.0
7.0,234.0,402.0,784.0,1459.0,1131.0,92.0,783.0,612.0
7.1,234.0,402.0,784.0,1459.0,1131.0,93.0,788.0,612.0
7.2,234.0,402.0,784.0,1470.0,1185.0,93.0,788.0,612.0
7.3,234.0,402.0,784.0,1470.0,1185.0,93.0,788.0,612.0
7.4,234.0,402.0,784.0,1470.0,1185.0,93.0,788.0,635.0
7.5,234.0,402.0,784.0,1470.0,1185.0,93.0,817.0,635.0
7.6,234.0,402.0,784.0,1533.0,1185.0,93.0,817.0,635.0
7.7,234.0,402.0,784.0,1533.0,1185.0,93.0,817.0,635.0
7.8,234.0,402.0,784.0,1533.0,1185.0,93.0,892.0,636.0
7.9,234.0,402.0,784.0,1533.0,1244.0,93.0,892.0,636.0
8.0,234.0,402.0,784.0,1671.0,1244.0,93.0,892.0,636.0
8.1,234.0,402.0,784.0,1671.0,1244.0,93.0,892.0,636.0
8.2,234.0,402.0,784.0,1671.0,1244.0,93.0,897.0,637.0
8.3,234.0,402.0,784.0,1671.0,1244.0,94.0,897.0,637.0
8.4,234.0,402.0,784.0,1696.0,1244.0,94.0,897.0,637.0
8.5,234.0,402.0,784.0,1696.0,1244.0,94.0,921.0,637.0
8.6,234.0,402.0,784.0,1696.0,1253.0,94.0,921.0,694.0
8.7,234.0,402.0,784.0,1701.0,1253.0,94.0,921.0,694.0
8.8,234.0,402.0,784.0,1701.0,1253.0,94.0,921.0,694.0
8.9,234.0,402.0,784.0,1701.0,1253.0,94.0,952.0,694.0
9.0,234.0,402.0,784.0,1701.0,1277.0,94.0,952.0,701.0
9.1,234.0,402.0,784.0,1701.0,1277.0,94.0,952.0,701.0
9.2,234.0,402.0,784.0,1701.0,1277.0,94.0,955.0,701.0
9.3,234.0,402.0,784.0,1701.0,1281.0,94.0,955.0,701.0
9.4,234.0,402.0,784.0,1701.0,1281.0,94.0,955.0,765.0
9.5,234.0,402.0,784.0,1702.0,1281.0,94.0,955.0,765.0
9.6,234.0,402.0,784.0,1702.0,1296.0,94.0,988.0,765.0
9.7,234.0,402.0,784.0,1702.0,1296.0,94.0,988.0,777.0
9.8,234.0,402.0,784.0,1702.0,1296.0,95.0,988.0,777.0
9.9,234.0,402.0,784.0,1717.0,1296.0,95.0,990.0,777.0
10.0,234.0,402.0,784.0,1717.0,1506.0,95.0,990.0,777.0
10.1,234.0,402.0,784.0,1717.0,1506.0,95.0,990.0,839.0
10.2,234.0,402.0,784.0,1744.0,1506.0,95.0,990.0,839.0
10.3,234.0,402.0,784.0,1744.0,1598.0,95.0,1024.0,839.0
10.4,234.0,402.0,784.0,1744.0,1598.0,95.0,1024.0,839.0
10.5,234.0,402.0,784.0,1744.0,1598.0,95.0,1024.0,845.0
10.6,234.0,402.0,784.0,1781.0,1598.0,95.0,1024.0,845.0
10.7,234.0,402.0,784.0,1781.0,1622.0,95.0,1031.0,845.0
10.8,234.0,402.0,784.0,1781.0,1622.0,95.0,1031.0,845.0
10.9,234.0,402.0,784.0,1781.0,1622.0,95.0,1031.0,874.0
11.0,234.0,402.0,784.0,1864.0,1638.0,95.0,1044.0,874.0
11.1,234.0,402.0,784.0,1864.0,1638.0,95.0,1044.0,874.0
11.2,669.0,971.0,997.0,1864.0,1638.0,96.0,1044.0,874.0
11.3,669.0,971.0,997.0,1864.0,1638.0,96.0,1044.0,938.0
11.4,669.0,971.0,997.0,1888.0,1653.0,96.0,1091.0,938.0
11.5,669.0,971.0,997.0,1888.0,1653.0,96.0,1091.0,938.0
11.6,669.0,971.0,997.0,1888.0,1653.0,96.0,1091.0,938.0
11.7,669.0,971.0,997.0,1942.0,1685.0,96.0,1091.0,980.0
11.8,669.0,971.0,997.0,1942.0,1685.0,96.0,1091.0,980.0
11.9,669.0,971.0,997.0,1942.0,1685.0,96.0,1091.0,980.0
12.0,669.0,971.0,997.0,1942.0,1751.0,96.0,1091.0,980.0
12.1,669.0,971.0,997.0,2032.0,1751.0,96.0,1094.0,1013.0
12.2,669.0,971.0,997.0,2032.0,1751.0,96.0,1094.0,1013.0
12.3,669.0,971.0,997.0,2032.0,1751.0,96.0,1094.0,1013.0
12.4,669.0,971.0,997.0,2032.0,1751.0,96.0,1100.0,1013.0
12.5,669.0,971.0,997.0,2077.0,1751.0,96.0,1100.0,1016.0
12.6,669.0,971.0,997.0,2077.0,1751.0,96.0,1100.0,1016.0
12.7,669.0,971.0,997.0,2077.0,1776.0,97.0,1100.0,1016.0
12.8,669.0,971.0,997.0,2077.0,1776.0,97.0,1114.0,1017.0
12.9,669.0,971.0,997.0,2143.0,1776.0,97.0,1114.0,1017.0
13.0,669.0,971.0,997.0,2143.0,1776.0,97.0,1114.0,1017.0
13.1,669.0,971.0,997.0,2143.0,1852.0,97.0,1134.0,1017.0
13.2,669.0,971.0,997.0,2143.0,1852.0,97.0,1134.0,1137.0
13.3,669.0,971.0,997.0,2164.0,1852.0,97.0,1134.0,1137.0
13.4,669.0,971.0,997.0,2164.0,1865.0,97.0,1134.0,1137.0
13.5,669.0,971.0,997.0,2164.0,1865.0,97.0,1185.0,1137.0
13.6,669.0,971.0,997.0,2193.0,1865.0,97.0,1185.0,1142.0
13.7,669.0,971.0,997.0,2193.0,1867.0,97.0,1185.0,1142.0
13.8,669.0,971.0,997.0,2193.0,1867.0,97.0,1192.0,1142.0
13.9,669.0,971.0,997.0,2193.0,1867.0,97.0,1192.0,1142.0
14.0,669.0,971.0,997.0,2200.0,1867.0,97.0,1192.0,1151.0
14.1,669.0,971.0,997.0,2200.0,1875.0,97.0,1192.0,1151.0
14.2,669.0,971.0,997.0,2200.0,1875.0,98.0,1204.0,1151.0
14.3,669.0,971.0,997.0,2200.0,1875.0,98.0,1204.0,1151.0
14.4,669.0,971.0,997.0,2200.0,1885.0,98.0,1204.0,1151.0
14.5,669.0,971.0,997.0,2200.0,1885.0,98.0,1211.0,1151.0
14.6,669.0,971.0,997.0,2200.0,1885.0,98.0,1211.0,1151.0
14.7,669.0,971.0,997.0,2200.0,1885.0,98.0,1211.0,1151.0
14.8,669.0,971.0,997.0,2292.0,2037.0,98.0,1211.0,1186.0
14.9,669.0,971.0,997.0,2292.0,2037.0,98.0,1236.0,1186.0
15.0,669.0,971.0,997.0,2292.0,2037.0,98.0,1236.0,1186.0
15.1,669.0,971.0,997.0,2321.0,2040.0,98.0,1236.0,1186.0
15.2,669.0,971.0,997.0,2321.0,2040.0,98.0,1243.0,1190.0
15.3,669.0,971.0,997.0,2321.0,2040.0,98.0,1243.0,1190.0
15.4,669.0,971.0,997.0,2321.0,2040.0,98.0,1243.0,1190.0
15.5,669.0,971.0,997.0,2367.0,2056.0,98.0,1243.0,1190.0
15.6,669.0,971.0,997.0,2367.0,2056.0,99.0,1254.0,1203.0
15.7,669.0,971.0,997.0,2367.0,2056.0,99.0,1254.0,1203.0
15.8,669.0,971.0,997.0,2367.0,2056.0,99.0,1254.0,1203.0
15.9,669.0,971.0,997.0,2384.0,2056.0,99.0,1254.0,1208.0
16.0,669.0,971.0,997.0,2384.0,2056.0,99.0,1267.0,1208.0
16.1,669.0,971.0,997.0,2384.0,2143.0,99.0,1267.0,1208.0
16.2,669.0,971.0,997.0,2384.0,2143.0,99.0,1267.0,1208.0
16.3,669.0,971.0,997.0,2402.0,2143.0,99.0,1275.0,1212.0
16.4,669.0,971.0,997.0,2402.0,2143.0,99.0,1275.0,1212.0
16.5,669.0,971.0,997.0,2402.0,2149.0,99.0,1275.0,1212.0
16.6,669.0,971.0,997.0,2402.0,2149.0,99.0,1275.0,1212.0
16.7,669.0,971.0,997.0,2404.0,2149.0,99.0,1278.0,1213.0
16.8,669.0,971.0,997.0,2404.0,2151.0,99.0,1278.0,1213.0
16.9,669.0,971.0,997.0,2404.0,2151.0,100.0,1278.0,1213.0
17.0,669.0,971.0,997.0,2414.0,2151.0,100.0,1287.0,1213.0
17.1,669.0,971.0,997.0,2414.0,2151.0,100.0,1287.0,1220.0
17.2,669.0,971.0,997.0,2414.0,2164.0,100.0,1287.0,1220.0
17.3,669.0,971.0,997.0,2414.0,2164.0,100.0,1287.0,1220.0
17.4,669.0,971.0,997.0,2433.0,2164.0,100.0,1326.0,1220.0
17.5,669.0,971.0,997.0,2433.0,2172.0,100.0,1326.0,1227.0
17.6,669.0,971.0,997.0,2433.0,2172.0,100.0,1326.0,1227.0
17.7,669.0,971.0,997.0,2433.0,2172.0,100.0,1346.0,1227.0
17.8,669.0,971.0,997.0,2453.0,2172.0,100.0,1346.0,1227.0
17.9,669.0,971.0,997.0,2453.0,2196.0,100.0,1346.0,1266.0
18.0,669.0,971.0,997.0,2453.0,2196.0,100.0,1346.0,1266.0
18.1,669.0,971.0,997.0,2453.0,2196.0,100.0,1397.0,1266.0
18.2,669.0,971.0,997.0,2465.0,2254.0,100.0,1397.0,1266.0
18.3,669.0,971.0,997.0,2465.0,2254.0,101.0,1397.0,1282.0
18.4,669.0,971.0,997.0,2465.0,2254.0,101.0,1408.0,1282.0
18.5,669.0,971.0,997.0,2478.0,2267.0,101.0,1408.0,1282.0
18.6,669.0,971.0,997.0,2478.0,2267.0,101.0,1408.0,1282.0
18.7,669.0,971.0,997.0,2478.0,2267.0,101.0,1408.0,1297.0
18.8,669.0,971.0,997.0,2478.0,2267.0,101.0,1412.0,1297.0
18.9,669.0,971.0,997.0,2531.0,2267.0,101.0,1412.0,1297.0
19.0,669.0,971.0,997.0,2531.0,2267.0,101.0,1412.0,1323.0
19.1,669.0,971.0,997.0,2531.0,2267.0,101.0,1417.0,1323.0
19.2,669.0,971.0,997.0,2531.0,2274.0,101.0,1417.0,1323.0
19.3,669.0,971.0,997.0,2589.0,2274.0,101.0,1417.0,1323.0
19.4,669.0,971.0,997.0,2589.0,2274.0,101.0,1417.0,1323.0
19.5,669.0,971.0,997.0,2589.0,2274.0,101.0,1422.0,1323.0
19.6,669.0,971.0,997.0,2589.0,2289.0,102.0,1422.0,1323.0
19.7,669.0,971.0,997.0,2589.0,2289.0,102.0,1422.0,1323.0
19.8,669.0,971.0,997.0,2589.0,2289.0,102.0,1428.0,1327.0
19.9,669.0,971.0,997.0,2589.0,2292.0,102.0,1428.0,1327.0
20.0,669.0,971.0,997.0,2589.0,2292.0,102.0,1428.0,1327.0
20.1,669.0,971.0,997.0,2589.0,2292.0,102.0,1428.0,1327.0
20.2,669.0,971.0,997.0,2589.0,2292.0,102.0,1432.0,1329.0
20.3,669.0,971.0,997.0,2589.0,2302.0,102.0,1432.0,1329.0
20.4,669.0,971.0,997.0,2693.0,2302.0,102.0,1432.0,1329.0
20.5,669.0,971.0,997.0,2693.0,2302.0,102.0,1444.0,1329.0
20.6,669.0,971.0,997.0,2693.0,2308.0,102.0,1444.0,1351.0
20.7,669.0,971.0,997.0,2693.0,2308.0,102.0,1444.0,1351.0
20.8,669.0,971.0,997.0,2706.0,2308.0,103.0,1444.0,1351.0
20.9,669.0,971.0,997.0,2706.0,2316.0,103.0,1457.0,1351.0
21.0,669.0,971.0,997.0,2706.0,2316.0,103.0,1457.0,1356.0
21.1,669.0,971.0,997.0,2706.0,2316.0,103.0,1457.0,1356.0
21.2,669.0,971.0,997.0,2709.0,2316.0,103.0,1457.0,1356.0
21.3,669.0,971.0,997.0,2709.0,2339.0,103.0,1461.0,1356.0
21.4,669.0,971.0,997.0,2709.0,2339.0,103.0,1461.0,1378.0
21.5,669.0,971.0,997.0,2709.0,2339.0,103.0,1461.0,1378.0
21.6,669.0,971.0,997.0,2738.0,2362.0,103.0,1492.0,1378.0
21.7,669.0,971.0,997.0,2738.0,2362.0,103.0,1492.0,1378.0
21.8,669.0,971.0,997.0,2738.0,2362.0,104.0,1492.0,1389.0
21.9,669.0,971.0,997.0,2741.0,2362.0,104.0,1492.0,1389.0
22.0,669.0,971.0,997.0,2741.0,2434.0,104.0,1493.0,1389.0
22.1,669.0,971.0,997.0,2741.0,2434.0,104.0,1493.0,1399.0
22.2,669.0,971.0,997.0,2741.0,2434.0,104.0,1493.0,1399.0
22.3,1106.0,1318.0,1411.0,2755.0,2443.0,104.0,1501.0,1399.0
22.4,1106.0,1318.0,1411.0,2755.0,2443.0,104.0,1501.0,1399.0
22.5,1106.0,1318.0,1411.0,2755.0,2443.0,104.0,1501.0,1401.0
22.6,1106.0,1318.0,1411.0,2755.0,2443.0,104.0,1501.0,1401.0
22.7,1106.0,1318.0,1411.0,2760.0,2444.0,104.0,1508.0,1401.0
22.8,1106.0,1318.0,1411.0,2760.0,2444.0,104.0,1508.0,1401.0
22.9,1106.0,1318.0,1411.0,2760.0,2444.0,105.0,1508.0,1412.0
23.0,1106.0,1318.0,1411.0,2760.0,2498.0,105.0,1553.0,1412.0
23.1,1106.0,1318.0,1411.0,2760.0,2498.0,105.0,1553.0,1412.0
23.2,1106.0,1318.0,1411.0,2760.0,2498.0,105.0,1553.0,1412.0
23.3,1106.0,1318.0,1411.0,2760.0,2516.0,105.0,1553.0,1437.0
23.4,1106.0,1318.0,1411.0,2842.0,2516.0,105.0,1557.0,1437.0
23.5,1106.0,1318.0,1411.0,2842.0,2516.0,105.0,1557.0,1437.0
23.6,1106.0,1318.0,1411.0,2842.0,2516.0,105.0,1557.0,1437.0
23.7,1106.0,1318.0,1411.0,2842.0,2531.0,105.0,1576.0,1470.0
23.8,1106.0,1318.0,1411.0,2843.0,2531.0,106.0,1576.0,1470.0
23.9,1106.0,1318.0,1411.0,2843.0,2531.0,106.0,1576.0,1470.0
24.0,1106.0,1318.0,1411.0,2843.0,2535.0,106.0,1576.0,1470.0
24.1,1106.0,1318.0,1411.0,2843.0,2535.0,106.0,1594.0,1502.0
24.2,1106.0,1318.0,1411.0,2862.0,2535.0,106.0,1594.0,1502.0
24.3,1106.0,1318.0,1411.0,2862.0,2535.0,106.0,1594.0,1502.0
24.4,1106.0,1318.0,1411.0,2862.0,2548.0,106.0,1612.0,1502.0
24.5,1106.0,1318.0,1411.0,2862.0,2548.0,106.0,1612.0,1512.0
24.6,1106.0,1318.0,1411.0,2877.0,2548.0,107.0,1612.0,1512.0
24.7,1106.0,1318.0,1411.0,2877.0,2555.0,107.0,1612.0,1512.0
24.8,1106.0,1318.0,1411.0,2877.0,2555.0,107.0,1616.0,1512.0
24.9,1106.0,1318.0,1411.0,2877.0,2555.0,107.0,1616.0,1549.0
25.0,1106.0,1318.0,1411.0,2886.0,2555.0,107.0,1616.0,1549.0
25.1,1106.0,1318.0,1411.0,2886.0,2563.0,107.0,1630.0,1549.0
25.2,1106.0,1318.0,1411.0,2886.0,2563.0,107.0,1630.0,1556.0
25.3,1106.0,1318.0,1411.0,3085.0,2563.0,107.0,1630.0,1556.0
25.4,1106.0,1318.0,1411.0,3085.0,2637.0,107.0,1630.0,1556.0
25.5,1106.0,1318.0,1411.0,3085.0,2637.0,108.0,1637.0,1556.0
25.6,1106.0,1318.0,1411.0,3085.0,2637.0,108.0,1637.0,1562.0
25.7,1106.0,1318.0,1411.0,3119.0,2662.0,108.0,1637.0,1562.0
25.8,1106.0,1318.0,1411.0,3119.0,2662.0,108.0,1648.0,1562.0
25.9,1106.0,1318.0,1411.0,3119.0,2662.0,108.0,1648.0,1562.0
26.0,1106.0,1318.0,1411.0,3119.0,2662.0,108.0,1648.0,1570.0
26.1,1106.0,1318.0,1411.0,3131.0,2685.0,108.0,1648.0,1570.0
26.2,1106.0,1318.0,1411.0,3131.0,2685.0,108.0,1652.0,1570.0
26.3,1106.0,1318.0,1411.0,3131.0,2685.0,109.0,1652.0,1570.0
26.4,1106.0,1318.0,1411.0,3131.0,2691.0,109.0,1652.0,1581.0
26.5,1106.0,1318.0,1411.0,3150.0,2691.0,109.0,1652.0,1581.0
26.6,1106.0,1318.0,1411.0,3150.0,2691.0,109.0,1653.0,1581.0
26.7,1106.0,1318.0,1411.0,3150.0,2691.0,109.0,1653.0,1581.0
26.8,1106.0,1318.0,1411.0,3200.0,2721.0,109.0,1653.0,1582.0
26.9,1106.0,1318.0,1411.0,3200.0,2721.0,109.0,1671.0,1582.0
27.0,1106.0,1318.0,1411.0,3200.0,2721.0,109.0,1671.0,1582.0
27.1,1106.0,1318.0,1411.0,3200.0,2749.0,110.0,1671.0,1582.0
27.2,1106.0,1318.0,1411.0,3223.0,2749.0,110.0,1671.0,1583.0
27.3,1106.0,1318.0,1411.0,3223.0,2749.0,110.0,1691.0,1583.0
27.4,1106.0,1318.0,1411.0,3223.0,2775.0,110.0,1691.0,1583.0
27.5,1106.0,1318.0,1411.0,3223.0,2775.0,110.0,1691.0,1583.0
27.6,1106.0,1318.0,1411.0,3248.0,2775.0,110.0,1699.0,1640.0
27.7,1106.0,1318.0,1411.0,3248.0,2775.0,110.0,1699.0,1640.0
27.8,1106.0,1318.0,1411.0,3248.0,2824.0,111.0,1699.0,1640.0
27.9,1106.0,1318.0,1411.0,3248.0,2824.0,111.0,1699.0,1640.0
28.0,1106.0,1318.0,1411.0,3379.0,2824.0,111.0,1725.0,1650.0
28.1,1106.0,1318.0,1411.0,3379.0,2896.0,111.0,1725.0,1650.0
28.2,1106.0,1318.0,1411.0,3379.0,2896.0,111.0,1725.0,1650.0
28.3,1106.0,1318.0,1411.0,3379.0,2896.0,111.0,1778.0,1651.0
28.4,1106.0,1318.0,1411.0,3453.0,2896.0,111.0,1778.0,1651.0
28.5,1106.0,1318.0,1411.0,3453.0,2923.0,112.0,1778.0,1651.0
28.6,1106.0,1318.0,1411.0,3453.0,2923.0,112.0,1778.0,1651.0
28.7,1106.0,1318.0,1411.0,3511.0,2923.0,112.0,1791.0,1662.0
28.8,1106.0,1318.0,1411.0,3511.0,2961.0,112.0,1791.0,1662.0
28.9,1106.0,1318.0,1411.0,3511.0,2961.0,112.0,1791.0,1662.0
29.0,1106.0,1318.0,1411.0,3511.0,2961.0,112.0,1793.0,1662.0
29.1,1106.0,1318.0,1411.0,3541.0,2961.0,112.0,1793.0,1686.0
29.2,1106.0,1318.0,1411.0,3541.0,3025.0,113.0,1793.0,1686.0
29.3,1106.0,1318.0,1411.0,3541.0,3025.0,113.0,1793.0,1686.0
29.4,1106.0,1318.0,1411.0,3541.0,3025.0,113.0,1826.0,1686.0
29.5,1106.0,1318.0,1411.0,3605.0,3031.0,113.0,1826.0,1700.0
29.6,1106.0,1318.0,1411.0,3605.0,3031.0,113.0,1826.0,1700.0
29.7,1106.0,1318.0,1411.0,3605.0,3031.0,113.0,1842.0,1700.0
29.8,1106.0,1318.0,1411.0,3605.0,3040.0,114.0,1842.0,1700.0
29.9,1106.0,1318.0,1411.0,3635.0,3040.0,114.0,1842.0,1710.0
30.0,1106.0,1318.0,1411.0,3635.0,3040.0,114.0,1842.0,1710.0
30.1,1106.0,1318.0,1411.0,3635.0,3040.0,114.0,1859.0,1710.0
30.2,1106.0,1318.0,1411.0,3673.0,3076.0,114.0,1859.0,1710.0
30.3,1106.0,1318.0,1411.0,3673.0,3076.0,114.0,1859.0,1716.0
30.4,1106.0,1318.0,1411.0,3673.0,3076.0,114.0,1869.0,1716.0
30.5,1106.0,1318.0,1411.0,3673.0,3076.0,115.0,1869.0,1716.0
30.6,1106.0,1318.0,1411.0,3681.0,3076.0,115.0,1869.0,1716.0
30.7,1106.0,1318.0,1411.0,3681.0,3076.0,115.0,1869.0,1724.0
30.8,1106.0,1318.0,1411.0,3681.0,3076.0,115.0,1905.0,1724.0
30.9,1106.0,1318.0,1411.0,3681.0,3119.0,115.0,1905.0,1724.0
31.0,1106.0,1318.0,1411.0,3734.0,3119.0,115.0,1905.0,1724.0
31.1,1106.0,1318.0,1411.0,3734.0,3119.0,115.0,1910.0,1746.0
31.2,1106.0,1318.0,1411.0,3734.0,3200.0,116.0,1910.0,1746.0
31.3,1106.0,1318.0,1411.0,3734.0,3200.0,116.0,1910.0,1746.0
31.4,1106.0,1318.0,1411.0,3743.0,3200.0,116.0,1910.0,1781.0
31.5,1106.0,1318.0,1411.0,3743.0,3200.0,116.0,1910.0,1781.0
31.6,1106.0,1318.0,1411.0,3743.0,3227.0,116.0,1910.0,1781.0
31.7,1106.0,1318.0,1411.0,3875.0,3227.0,116.0,1910.0,1781.0
31.8,1106.0,1318.0,1411.0,3875.0,3227.0,117.0,1910.0,1811.0
31.9,1106.0,1318.0,1411.0,3875.0,3246.0,117.0,1914.0,1811.0
32.0,1106.0,1318.0,1411.0,3875.0,3246.0,117.0,1914.0,1811.0
32.1,1106.0,1318.0,1411.0,3932.0,3246.0,117.0,1914.0,1811.0
32.2,1106.0,1318.0,1411.0,3932.0,3258.0,117.0,1915.0,1820.0
32.3,1106.0,1318.0,1411.0,3932.0,3258.0,118.0,1915.0,1820.0
32.4,1106.0,1318.0,1411.0,3932.0,3258.0,118.0,1915.0,1820.0
32.5,1106.0,1318.0,1411.0,3957.0,3258.0,118.0,1915.0,1820.0
32.6,1106.0,1318.0,1411.0,3957.0,3267.0,118.0,1930.0,1838.0
32.7,1106.0,1318.0,1411.0,3957.0,3267.0,118.0,1930.0,1838.0
32.8,1106.0,1318.0,1411.0,3957.0,3267.0,118.0,1930.0,1838.0
32.9,1106.0,1318.0,1411.0,4037.0,3274.0,118.0,1947.0,1838.0
33.0,1106.0,1318.0,1411.0,4037.0,3274.0,119.0,1947.0,1842.0
33.1,1106.0,1318.0,1411.0,4037.0,3274.0,119.0,1947.0,1842.0
33.2,1106.0,1318.0,1411.0,4037.0,3274.0,119.0,1947.0,1842.0
33.3,1106.0,1318.0,1411.0,4045.0,3276.0,119.0,1991.0,1842.0
33.4,1741.0,1370.0,1552.0,4045.0,3276.0,119.0,1991.0,1859.0
33.5,1741.0,1370.0,1552.0,4045.0,3276.0,120.0,1991.0,1859.0
33.6,1741.0,1370.0,1552.0,4048.0,3307.0,120.0,1994.0,1859.0
33.7,1741.0,1370.0,1552.0,4048.0,3307.0,120.0,1994.0,1859.0
33.8,1741.0,1370.0,1552.0,4048.0,3307.0,120.0,1994.0,1860.0
33.9,1741.0,1370.0,1552.0,4048.0,3307.0,120.0,1994.0,1860.0
34.0,1741.0,1370.0,1552.0,4059.0,3349.0,120.0,1997.0,1860.0
34.1,1741.0,1370.0,1552.0,4059.0,3349.0,121.0,1997.0,1860.0
34.2,1741.0,1370.0,1552.0,4059.0,3349.0,121.0,1997.0,1868.0
34.3,1741.0,1370.0,1552.0,4059.0,3448.0,121.0,2013.0,1868.0
34.4,1741.0,1370.0,1552.0,4074.0,3448.0,121.0,2013.0,1868.0
34.5,1741.0,1370.0,1552.0,4074.0,3448.0,121.0,2013.0,1921.0
34.6,1741.0,1370.0,1552.0,4074.0,3453.0,122.0,2013.0,1921.0
34.7,1741.0,1370.0,1552.0,4074.0,3453.0,122.0,2013.0,1921.0
34.8,1741.0,1370.0,1552.0,4083.0,3453.0,122.0,2013.0,1921.0
34.9,1741.0,1370.0,1552.0,4083.0,3453.0,122.0,2013.0,1923.0
35.0,1741.0,1370.0,1552.0,4083.0,3461.0,122.0,2029.0,1923.0
35.1,1741.0,1370.0,1552.0,4190.0,3461.0,123.0,2029.0,1923.0
35.2,1741.0,1370.0,1552.0,4190.0,3461.0,123.0,2029.0,1923.0
35.3,1741.0,1370.0,1552.0,4190.0,3545.0,123.0,2029.0,1926.0
35.4,1741.0,1370.0,1552.0,4190.0,3545.0,123.0,2045.0,1926.0
35.5,1741.0,1370.0,1552.0,4210.0,3545.0,123.0,2045.0,1926.0
35.6,1741.0,1370.0,1552.0,4210.0,3545.0,124.0,2045.0,1926.0
35.7,1741.0,1370.0,1552.0,4210.0,3585.0,124.0,2047.0,1946.0
35.8,1741.0,1370.0,1552.0,4210.0,3585.0,124.0,2047.0,1946.0
35.9,1741.0,1370.0,1552.0,4232.0,3585.0,124.0,2047.0,1946.0
36.0,1741.0,1370.0,1552.0,4232.0,3632.0,124.0,2047.0,1946.0
36.1,1741.0,1370.0,1552.0,4232.0,3632.0,125.0,2048.0,1954.0
36.2,1741.0,1370.0,1552.0,4232.0,3632.0,125.0,2048.0,1954.0
36.3,1741.0,1370.0,1552.0,4243.0,3632.0,125.0,2048.0,1954.0
36.4,1741.0,1370.0,1552.0,4243.0,3647.0,125.0,2053.0,1954.0
36.5,1741.0,1370.0,1552.0,4243.0,3647.0,125.0,2053.0,1960.0
36.6,1741.0,1370.0,1552.0,4243.0,3647.0,126.0,2053.0,1960.0
36.7,1741.0,1370.0,1552.0,4280.0,3649.0,126.0,2053.0,1960.0
36.8,1741.0,1370.0,1552.0,4280.0,3649.0,126.0,2060.0,1960.0
36.9,1741.0,1370.0,1552.0,4280.0,3649.0,126.0,2060.0,1975.0
37.0,1741.0,1370.0,1552.0,4370.0,3652.0,126.0,2060.0,1975.0
37.1,1741.0,1370.0,1552.0,4370.0,3652.0,127.0,2060.0,1975.0
37.2,1741.0,1370.0,1552.0,4370.0,3652.0,127.0,2070.0,1975.0
37.3,1741.0,1370.0,1552.0,4370.0,3652.0,127.0,2070.0,1980.0
37.4,1741.0,1370.0,1552.0,4379.0,3665.0,127.0,2070.0,1980.0
37.5,1741.0,1370.0,1552.0,4379.0,3665.0,128.0,2074.0,1980.0
37.6,1741.0,1370.0,1552.0,4379.0,3665.0,128.0,2074.0,1985.0
37.7,1741.0,1370.0,1552.0,4379.0,3684.0,128.0,2074.0,1985.0
37.8,1741.0,1370.0,1552.0,4380.0,3684.0,128.0,2074.0,1985.0
37.9,1741.0,1370.0,1552.0,4380.0,3684.0,129.0,2099.0,1985.0
38.0,1741.0,1370.0,1552.0,4380.0,3684.0,129.0,2099.0,1995.0
38.1,1741.0,1370.0,1552.0,4380.0,3704.0,129.0,2099.0,1995.0
38.2,1741.0,1370.0,1552.0,4388.0,3704.0,129.0,2112.0,1995.0
38.3,1741.0,1370.0,1552.0,4388.0,3704.0,130.0,2112.0,1995.0
38.4,1741.0,1370.0,1552.0,4388.0,3784.0,130.0,2112.0,2003.0
38.5,1741.0,1370.0,1552.0,4389.0,3784.0,130.0,2112.0,2003.0
38.6,1741.0,1370.0,1552.0,4389.0,3784.0,130.0,2159.0,2003.0
38.7,1741.0,1370.0,1552.0,4389.0,3804.0,130.0,2159.0,2003.0
38.8,1741.0,1370.0,1552.0,4389.0,3804.0,131.0,2159.0,2013.0
38.9,1741.0,1370.0,1552.0,4403.0,3804.0,131.0,2162.0,2013.0
39.0,1741.0,1370.0,1552.0,4403.0,3804.0,131.0,2162.0,2013.0
39.1,1741.0,1370.0,1552.0,4403.0,3810.0,131.0,2162.0,2013.0
39.2,1741.0,1370.0,1552.0,4403.0,3810.0,132.0,2162.0,2024.0
39.3,1741.0,1370.0,1552.0,4453.0,3810.0,132.0,2172.0,2024.0
39.4,1741.0,1370.0,1552.0,4453.0,3816.0,132.0,2172.0,2024.0
39.5,1741.0,1370.0,1552.0,4453.0,3816.0,132.0,2172.0,2024.0
39.6,1741.0,1370.0,1552.0,4453.0,3816.0,133.0,2180.0,2025.0
39.7,1741.0,1370.0,1552.0,4457.0,3816.0,133.0,2180.0,2025.0
39.8,1741.0,1370.0,1552.0,4457.0,3826.0,133.0,2180.0,2025.0
39.9,1741.0,1370.0,1552.0,4457.0,3826.0,133.0,2180.0,2025.0
40.0,1741.0,1370.0,1552.0,4457.0,3826.0,134.0,2181.0,2038.0
40.1,1741.0,1370.0,1552.0,4468.0,3847.0,134.0,2181.0,2038.0
40.2,1741.0,1370.0,1552.0,4468.0,3847.0,134.0,2181.0,2038.0
40.3,1741.0,1370.0,1552.0,4468.0,3847.0,135.0,2182.0,2038.0
40.4,1741.0,1370.0,1552.0,4475.0,3847.0,135.0,2182.0,2047.0
40.5,1741.0,1370.0,1552.0,4475.0,3876.0,135.0,2182.0,2047.0
40.6,1741.0,1370.0,1552.0,4475.0,3876.0,135.0,2182.0,2047.0
40.7,1741.0,1370.0,1552.0,4475.0,3876.0,135.0,2190.0,2054.0
40.8,1741.0,1370.0,1552.0,4497.0,3907.0,136.0,2190.0,2054.0
40.9,1741.0,1370.0,1552.0,4497.0,3907.0,136.0,2190.0,2054.0
41.0,1741.0,1370.0,1552.0,4497.0,3907.0,136.0,2198.0,2054.0
41.1,1741.0,1370.0,1552.0,4497.0,3938.0,136.0,2198.0,2075.0
41.2,1741.0,1370.0,1552.0,4499.0,3938.0,137.0,2198.0,2075.0
41.3,1741.0,1370.0,1552.0,4499.0,3938.0,137.0,2198.0,2075.0
41.4,1741.0,1370.0,1552.0,4499.0,3938.0,137.0,2200.0,2075.0
41.5,1741.0,1370.0,1552.0,4499.0,3945.0,137.0,2200.0,2079.0
41.6,1741.0,1370.0,1552.0,4522.0,3945.0,138.0,2200.0,2079.0
41.7,1741.0,1370.0,1552.0,4522.0,3945.0,138.0,2211.0,2079.0
41.8,1741.0,1370.0,1552.0,4522.0,4030.0,138.0,2211.0,2079.0
41.9,1741.0,1370.0,1552.0,4550.0,4030.0,139.0,2211.0,2083.0
42.0,1741.0,1370.0,1552.0,4550.0,4030.0,139.0,2211.0,2083.0
42.1,1741.0,1370.0,1552.0,4550.0,4030.0,139.0,2221.0,2083.0
42.2,1741.0,1370.0,1552.0,4550.0,4048.0,140.0,2221.0,2083.0
42.3,1741.0,1370.0,1552.0,4551.0,4048.0,140.0,2221.0,2113.0
42.4,1741.0,1370.0,1552.0,4551.0,4048.0,140.0,2221.0,2113.0
42.5,1741.0,1370.0,1552.0,4551.0,4077.0,141.0,2246.0,2113.0
42.6,1741.0,1370.0,1552.0,4551.0,4077.0,141.0,2246.0,2113.0
42.7,1741.0,1370.0,1552.0,4564.0,4077.0,141.0,2246.0,2114.0
42.8,1741.0,1370.0,1552.0,4564.0,4077.0,142.0,2249.0,2114.0
42.9,1741.0,1370.0,1552.0,4564.0,4083.0,142.0,2249.0,2114.0
43.0,1741.0,1370.0,1552.0,4564.0,4083.0,142.0,2249.0,2114.0
43.1,1741.0,1370.0,1552.0,4574.0,4083.0,143.0,2249.0,2118.0
43.2,1741.0,1370.0,1552.0,4574.0,4125.0,143.0,2250.0,2118.0
43.3,1741.0,1370.0,1552.0,4574.0,4125.0,143.0,2250.0,2118.0
43.4,1741.0,1370.0,1552.0,4612.0,4125.0,143.0,2250.0,2118.0
43.5,1741.0,1370.0,1552.0,4612.0,4164.0,144.0,2250.0,2122.0
43.6,1741.0,1370.0,1552.0,4612.0,4164.0,144.0,2250.0,2122.0
43.7,1741.0,1370.0,1552.0,4612.0,4164.0,144.0,2250.0,2122.0
43.8,1741.0,1370.0,1552.0,4617.0,4164.0,145.0,2250.0,2135.0
43.9,1741.0,1370.0,1552.0,4617.0,4201.0,145.0,2338.0,2135.0
44.0,1741.0,1370.0,1552.0,4617.0,4201.0,145.0,2338.0,2135.0
44.1,1741.0,1370.0,1552.0,4617.0,4201.0,145.0,2338.0,2135.0
44.2,1741.0,1370.0,1552.0,4619.0,4211.0,146.0,2360.0,2135.0
44.3,1741.0,1370.0,1552.0,4619.0,4211.0,146.0,2360.0,2135.0
44.4,1741.0,1370.0,1552.0,4619.0,4211.0,146.0,2360.0,2135.0
44.5,3539.0,1752.0,1880.0,4619.0,4211.0,147.0,2360.0,2135.0
44.6,3539.0,1752.0,1880.0,4683.0,4214.0,147.0,2371.0,2139.0
44.7,3539.0,1752.0,1880.0,4683.0,4214.0,147.0,2371.0,2139.0
44.8,3539.0,1752.0,1880.0,4683.0,4214.0,148.0,2371.0,2139.0
44.9,3539.0,1752.0,1880.0,4683.0,4222.0,148.0,2396.0,2139.0
45.0,3539.0,1752.0,1880.0,4714.0,4222.0,148.0,2396.0,2167.0
45.1,3539.0,1752.0,1880.0,4714.0,4222.0,149.0,2396.0,2167.0
45.2,3539.0,1752.0,1880.0,4714.0,4222.0,149.0,2396.0,2167.0
45.3,3539.0,1752.0,1880.0,4809.0,4223.0,149.0,2398.0,2167.0
45.4,3539.0,1752.0,1880.0,4809.0,4223.0,150.0,2398.0,2177.0
45.5,3539.0,1752.0,1880.0,4809.0,4223.0,150.0,2398.0,2177.0
45.6,3539.0,1752.0,1880.0,4809.0,4224.0,150.0,2411.0,2177.0
45.7,3539.0,1752.0,1880.0,4827.0,4224.0,151.0,2411.0,2177.0
45.8,3539.0,1752.0,1880.0,4827.0,4224.0,151.0,2411.0,2194.0
45.9,3539.0,1752.0,1880.0,4827.0,4306.0,151.0,2411.0,2194.0
46.0,3539.0,1752.0,1880.0,4827.0,4306.0,152.0,2430.0,2194.0
46.1,3539.0,1752.0,1880.0,4851.0,4306.0,152.0,2430.0,2194.0
46.2,3539.0,1752.0,1880.0,4851.0,4306.0,152.0,2430.0,2235.0
46.3,3539.0,1752.0,1880.0,4851.0,4335.0,153.0,2442.0,2235.0
46.4,3539.0,1752.0,1880.0,4851.0,4335.0,153.0,2442.0,2235.0
46.5,3539.0,1752.0,1880.0,4852.0,4335.0,154.0,2442.0,2235.0
46.6,3539.0,1752.0,1880.0,4852.0,4379.0,154.0,2442.0,2235.0
46.7,3539.0,1752.0,1880.0,4852.0,4379.0,154.0,2450.0,2235.0
46.8,3539.0,1752.0,1880.0,4858.0,4379.0,155.0,2450.0,2235.0
46.9,3539.0,1752.0,1880.0,4858.0,4379.0,155.0,2450.0,2235.0
47.0,3539.0,1752.0,1880.0,4858.0,4382.0,155.0,2454.0,2235.0
47.1,3539.0,1752.0,1880.0,4858.0,4382.0,156.0,2454.0,2235.0
47.2,3539.0,1752.0,1880.0,4898.0,4382.0,156.0,2454.0,2235.0
47.3,3539.0,1752.0,1880.0,4898.0,4390.0,156.0,2454.0,2237.0
47.4,3539.0,1752.0,1880.0,4898.0,4390.0,157.0,2458.0,2237.0
47.5,3539.0,1752.0,1880.0,4898.0,4390.0,157.0,2458.0,2237.0
47.6,3539.0,1752.0,1880.0,4914.0,4390.0,158.0,2458.0,2237.0
47.7,3539.0,1752.0,1880.0,4914.0,4396.0,158.0,2458.0,2239.0
47.8,3539.0,1752.0,1880.0,4914.0,4396.0,159.0,2460.0,2239.0
47.9,3539.0,1752.0,1880.0,4914.0,4396.0,159.0,2460.0,2239.0
48.0,3539.0,1752.0,1880.0,4969.0,4404.0,159.0,2460.0,2239.0
48.1,3539.0,1752.0,1880.0,4969.0,4404.0,160.0,2463.0,2245.0
48.2,3539.0,1752.0,1880.0,4969.0,4404.0,160.0,2463.0,2245.0
48.3,3539.0,1752.0,1880.0,4969.0,4431.0,160.0,2463.0,2245.0
48.4,3539.0,1752.0,1880.0,5040.0,4431.0,161.0,2463.0,2245.0
48.5,3539.0,1752.0,1880.0,5040.0,4431.0,161.0,2467.0,2295.0
48.6,3539.0,1752.0,1880.0,5040.0,4431.0,162.0,2467.0,2295.0
48.7,3539.0,1752.0,1880.0,5065.0,4519.0,162.0,2467.0,2295.0
48.8,3539.0,1752.0,1880.0,5065.0,4519.0,163.0,2474.0,2295.0
48.9,3539.0,1752.0,1880.0,5065.0,4519.0,163.0,2474.0,2295.0
49.0,3539.0,1752.0,1880.0,5065.0,4531.0,163.0,2474.0,2295.0
49.1,3539.0,1752.0,1880.0,5123.0,4531.0,164.0,2474.0,2295.0
49.2,3539.0,1752.0,1880.0,5123.0,4531.0,164.0,2480.0,2295.0
49.3,3539.0,1752.0,1880.0,5123.0,4531.0,165.0,2480.0,2329.0
49.4,3539.0,1752.0,1880.0,5123.0,4551.0,165.0,2480.0,2329.0
49.5,3539.0,1752.0,1880.0,5199.0,4551.0,166.0,2482.0,2329.0
49.6,3539.0,1752.0,1880.0,5199.0,4551.0,166.0,2482.0,2329.0
49.7,3539.0,1752.0,1880.0,5199.0,4551.0,166.0,2482.0,2355.0
49.8,3539.0,1752.0,1880.0,5199.0,4551.0,167.0,2482.0,2355.0
49.9,3539.0,1752.0,1880.0,5206.0,4551.0,167.0,2495.0,2355.0
50.0,3539.0,1752.0,1880.0,5206.0,4551.0,168.0,2495.0,2355.0
50.1,3539.0,1752.0,1880.0,5206.0,4562.0,168.0,2495.0,2366.0
50.2,3539.0,1752.0,1880.0,5210.0,4562.0,169.0,2496.0,2366.0
50.3,3539.0,1752.0,1880.0,5210.0,4562.0,169.0,2496.0,2366.0
50.4,3539.0,1752.0,1880.0,5210.0,4570.0,170.0,2496.0,2368.0
50.5,3539.0,1752.0,1880.0,5210.0,4570.0,170.0,2496.0,2368.0
50.6,3539.0,1752.0,1880.0,5222.0,4570.0,171.0,2507.0,2368.0
50.7,3539.0,1752.0,1880.0,5222.0,4571.0,171.0,2507.0,2368.0
50.8,3539.0,1752.0,1880.0,5222.0,4571.0,172.0,2507.0,2408.0
50.9,3539.0,1752.0,1880.0,5222.0,4571.0,172.0,2511.0,2408.0
51.0,3539.0,1752.0,1880.0,5233.0,4571.0,173.0,2511.0,2408.0
51.1,3539.0,1752.0,1880.0,5233.0,4576.0,173.0,2511.0,2408.0
51.2,3539.0,1752.0,1880.0,5233.0,4576.0,174.0,2511.0,2428.0
51.3,3539.0,1752.0,1880.0,5233.0,4576.0,174.0,2542.0,2428.0
51.4,3539.0,1752.0,1880.0,5290.0,4584.0,175.0,2542.0,2428.0
51.5,3539.0,1752.0,1880.0,5290.0,4584.0,175.0,2542.0,2428.0
51.6,3539.0,1752.0,1880.0,5290.0,4584.0,176.0,2543.0,2431.0
51.7,3539.0,1752.0,1880.0,5298.0,4584.0,176.0,2543.0,2431.0
51.8,3539.0,1752.0,1880.0,5298.0,4638.0,177.0,2543.0,2431.0
51.9,3539.0,1752.0,1880.0,5298.0,4638.0,177.0,2543.0,2431.0
52.0,3539.0,1752.0,1880.0,5298.0,4638.0,178.0,2580.0,2433.0
52.1,3539.0,1752.0,1880.0,5310.0,4659.0,178.0,2580.0,2433.0
52.2,3539.0,1752.0,1880.0,5310.0,4659.0,179.0,2580.0,2433.0
52.3,3539.0,1752.0,1880.0,5310.0,4659.0,180.0,2598.0,2433.0
52.4,3539.0,1752.0,1880.0,5310.0,4671.0,180.0,2598.0,2460.0
52.5,3539.0,1752.0,1880.0,5418.0,4671.0,181.0,2598.0,2460.0
52.6,3539.0,1752.0,1880.0,5418.0,4671.0,181.0,2598.0,2460.0
52.7,3539.0,1752.0,1880.0,5418.0,4671.0,182.0,2622.0,2460.0
52.8,3539.0,1752.0,1880.0,5418.0,4707.0,182.0,2622.0,2475.0
52.9,3539.0,1752.0,1880.0,5420.0,4707.0,183.0,2622.0,2475.0
53.0,3539.0,1752.0,1880.0,5420.0,4707.0,184.0,2622.0,2475.0
53.1,3539.0,1752.0,1880.0,5420.0,4733.0,184.0,2623.0,2475.0
53.2,3539.0,1752.0,1880.0,5420.0,4733.0,185.0,2623.0,2496.0
53.3,3539.0,1752.0,1880.0,5494.0,4733.0,185.0,2623.0,2496.0
53.4,3539.0,1752.0,1880.0,5494.0,4733.0,186.0,2628.0,2496.0
53.5,3539.0,1752.0,1880.0,5494.0,4736.0,186.0,2628.0,2500.0
53.6,3539.0,1752.0,1880.0,5509.0,4736.0,187.0,2628.0,2500.0
53.7,3539.0,1752.0,1880.0,5509.0,4736.0,188.0,2628.0,2500.0
53.8,3539.0,1752.0,1880.0,5509.0,4740.0,188.0,2651.0,2500.0
53.9,3539.0,1752.0,1880.0,5509.0,4740.0,189.0,2651.0,2509.0
54.0,3539.0,1752.0,1880.0,5533.0,4740.0,189.0,2651.0,2509.0
54.1,3539.0,1752.0,1880.0,5533.0,4740.0,190.0,2655.0,2509.0
54.2,3539.0,1752.0,1880.0,5533.0,4741.0,190.0,2655.0,2509.0
54.3,3539.0,1752.0,1880.0,5533.0,4741.0,191.0,2655.0,2541.0
54.4,3539.0,1752.0,1880.0,5542.0,4741.0,192.0,2655.0,2541.0
54.5,3539.0,1752.0,1880.0,5542.0,4760.0,192.0,2665.0,2541.0
54.6,3539.0,1752.0,1880.0,5542.0,4760.0,193.0,2665.0,2541.0
54.7,3539.0,1752.0,1880.0,5542.0,4760.0,193.0,2665.0,2556.0
54.8,3539.0,1752.0,1880.0,5543.0,4764.0,193.0,2686.0,2556.0
54.9,3539.0,1752.0,1880.0,5543.0,4764.0,194.0,2686.0,2556.0
55.0,3539.0,1752.0,1880.0,5543.0,4764.0,194.0,2686.0,2556.0
55.1,3539.0,1752.0,1880.0,5579.0,4764.0,195.0,2686.0,2562.0
55.2,3539.0,1752.0,1880.0,5579.0,4879.0,195.0,2699.0,2562.0
55.3,3539.0,1752.0,1880.0,5579.0,4879.0,196.0,2699.0,2562.0
55.4,3539.0,1752.0,1880.0,5579.0,4879.0,196.0,2699.0,2562.0
55.5,3539.0,1752.0,1880.0,5590.0,4895.0,197.0,2705.0,2565.0
55.6,3615.0,2247.0,2361.0,5590.0,4895.0,197.0,2705.0,2565.0
55.7,3615.0,2247.0,2361.0,5590.0,4895.0,198.0,2705.0,2565.0
55.8,3615.0,2247.0,2361.0,5590.0,4895.0,198.0,2705.0,2565.0
55.9,3615.0,2247.0,2361.0,5597.0,4941.0,199.0,2709.0,2572.0
56.0,3615.0,2247.0,2361.0,5597.0,4941.0,199.0,2709.0,2572.0
56.1,3615.0,2247.0,2361.0,5597.0,4941.0,200.0,2709.0,2572.0
56.2,3615.0,2247.0,2361.0,5597.0,4964.0,201.0,2710.0,2572.0
56.3,3615.0,2247.0,2361.0,5626.0,4964.0,201.0,2710.0,2586.0
56.4,3615.0,2247.0,2361.0,5626.0,4964.0,202.0,2710.0,2586.0
56.5,3615.0,2247.0,2361.0,5626.0,4964.0,203.0,2710.0,2586.0
56.6,3615.0,2247.0,2361.0,5626.0,4996.0,203.0,2731.0,2601.0
56.7,3615.0,2247.0,2361.0,5629.0,4996.0,204.0,2731.0,2601.0
56.8,3615.0,2247.0,2361.0,5629.0,4996.0,204.0,2731.0,2601.0
56.9,3615.0,2247.0,2361.0,5629.0,5021.0,205.0,2734.0,2601.0
57.0,3615.0,2247.0,2361.0,5658.0,5021.0,206.0,2734.0,2610.0
57.1,3615.0,2247.0,2361.0,5658.0,5021.0,206.0,2734.0,2610.0
57.2,3615.0,2247.0,2361.0,5658.0,5082.0,207.0,2734.0,2610.0
57.3,3615.0,2247.0,2361.0,5658.0,5082.0,208.0,2762.0,2610.0
57.4,3615.0,2247.0,2361.0,5661.0,5082.0,208.0,2762.0,2619.0
57.5,3615.0,2247.0,2361.0,5661.0,5082.0,209.0,2762.0,2619.0
57.6,3615.0,2247.0,2361.0,5661.0,5099.0,210.0,2790.0,2619.0
57.7,3615.0,2247.0,2361.0,5661.0,5099.0,210.0,2790.0,2619.0
57.8,3615.0,2247.0,2361.0,5699.0,5099.0,211.0,2790.0,2650.0
57.9,3615.0,2247.0,2361.0,5699.0,5198.0,212.0,2790.0,2650.0
58.0,3615.0,2247.0,2361.0,5699.0,5198.0,213.0,2799.0,2650.0
58.1,3615.0,2247.0,2361.0,5699.0,5198.0,213.0,2799.0,2650.0
58.2,3615.0,2247.0,2361.0,5715.0,5198.0,214.0,2799.0,2664.0
58.3,3615.0,2247.0,2361.0,5715.0,5201.0,215.0,2799.0,2664.0
58.4,3615.0,2247.0,2361.0,5715.0,5201.0,215.0,2804.0,2664.0
58.5,3615.0,2247.0,2361.0,5719.0,5201.0,216.0,2804.0,2664.0
58.6,3615.0,2247.0,2361.0,5719.0,5207.0,217.0,2804.0,2666.0
58.7,3615.0,2247.0,2361.0,5719.0,5207.0,218.0,2806.0,2666.0
58.8,3615.0,2247.0,2361.0,5719.0,5207.0,219.0,2806.0,2666.0
58.9,3615.0,2247.0,2361.0,5754.0,5207.0,219.0,2806.0,2666.0
59.0,3615.0,2247.0,2361.0,5754.0,5267.0,220.0,2806.0,2687.0
59.1,3615.0,2247.0,2361.0,5754.0,5267.0,221.0,2810.0,2687.0
59.2,3615.0,2247.0,2361.0,5754.0,5267.0,222.0,2810.0,2687.0
59.3,3615.0,2247.0,2361.0,5820.0,5285.0,223.0,2810.0,2687.0
59.4,3615.0,2247.0,2361.0,5820.0,5285.0,224.0,2848.0,2699.0
59.5,3615.0,2247.0,2361.0,5820.0,5285.0,225.0,2848.0,2699.0
59.6,3615.0,2247.0,2361.0,5820.0,5289.0,226.0,2848.0,2699.0
59.7,3615.0,2247.0,2361.0,5837.0,5289.0,227.0,2848.0,2710.0
59.8,3615.0,2247.0,2361.0,5837.0,5289.0,228.0,2869.0,2710.0
59.9,3615.0,2247.0,2361.0,5837.0,5289.0,229.0,2869.0,2710.0
60.0,3615.0,2247.0,2361.0,5837.0,5289.0,230.0,2869.0,2710.0
60.1,3615.0,2247.0,2361.0,5839.0,5289.0,230.0,2869.0,2730.0
60.2,3615.0,2247.0,2361.0,5839.0,5289.0,231.0,2869.0,2730.0
60.3,3615.0,2247.0,2361.0,5839.0,5289.0,232.0,2869.0,2730.0
60.4,3615.0,2247.0,2361.0,5875.0,5289.0,233.0,2869.0,2730.0
60.5,3615.0,2247.0,2361.0,5875.0,5289.0,234.0,2892.0,2733.0
60.6,3615.0,2247.0,2361.0,5875.0,5289.0,235.0,2892.0,2733.0
60.7,3615.0,2247.0,2361.0,5875.0,5292.0,236.0,2892.0,2733.0
60.8,3615.0,2247.0,2361.0,5948.0,5292.0,237.0,2917.0,2733.0
60.9,3615.0,2247.0,2361.0,5948.0,5292.0,238.0,2917.0,2761.0
61.0,3615.0,2247.0,2361.0,5948.0,5295.0,239.0,2917.0,2761.0
61.1,3615.0,2247.0,2361.0,5948.0,5295.0,240.0,2917.0,2761.0
61.2,3615.0,2247.0,2361.0,5948.0,5295.0,241.0,2932.0,2761.0
61.3,3615.0,2247.0,2361.0,5948.0,5295.0,242.0,2932.0,2807.0
61.4,3615.0,2247.0,2361.0,5948.0,5309.0,242.0,2932.0,2807.0
61.5,3615.0,2247.0,2361.0,5948.0,5309.0,243.0,2947.0,2807.0
61.6,3615.0,2247.0,2361.0,6010.0,5309.0,244.0,2947.0,2807.0
61.7,3615.0,2247.0,2361.0,6010.0,5313.0,245.0,2947.0,2819.0
61.8,3615.0,2247.0,2361.0,6010.0,5313.0,246.0,2947.0,2819.0
61.9,3615.0,2247.0,2361.0,6011.0,5313.0,247.0,2950.0,2819.0
62.0,3615.0,2247.0,2361.0,6011.0,5316.0,248.0,2950.0,2819.0
62.1,3615.0,2247.0,2361.0,6011.0,5316.0,249.0,2950.0,2826.0
62.2,3615.0,2247.0,2361.0,6011.0,5316.0,250.0,3026.0,2826.0
62.3,3615.0,2247.0,2361.0,6074.0,5316.0,251.0,3026.0,2826.0
62.4,3615.0,2247.0,2361.0,6074.0,5319.0,252.0,3026.0,2826.0
62.5,3615.0,2247.0,2361.0,6074.0,5319.0,253.0,3026.0,2839.0
62.6,3615.0,2247.0,2361.0,6074.0,5319.0,254.0,3029.0,2839.0
62.7,3615.0,2247.0,2361.0,6247.0,5323.0,255.0,3029.0,2839.0
62.8,3615.0,2247.0,2361.0,6247.0,5323.0,256.0,3029.0,2867.0
62.9,3615.0,2247.0,2361.0,6247.0,5323.0,257.0,3057.0,2867.0
63.0,3615.0,2247.0,2361.0,6247.0,5323.0,258.0,3057.0,2867.0
63.1,3615.0,2247.0,2361.0,6327.0,5342.0,259.0,3057.0,2867.0
63.2,3615.0,2247.0,2361.0,6327.0,5342.0,260.0,3057.0,2884.0
63.3,3615.0,2247.0,2361.0,6327.0,5342.0,261.0,3076.0,2884.0
63.4,3615.0,2247.0,2361.0,6344.0,5343.0,262.0,3076.0,2884.0
63.5,3615.0,2247.0,2361.0,6344.0,5343.0,264.0,3076.0,2884.0
63.6,3615.0,2247.0,2361.0,6344.0,5343.0,265.0,3076.0,2933.0
63.7,3615.0,2247.0,2361.0,6344.0,5352.0,266.0,3083.0,2933.0
63.8,3615.0,2247.0,2361.0,6373.0,5352.0,268.0,3083.0,2933.0
63.9,3615.0,2247.0,2361.0,6373.0,5352.0,269.0,3083.0,2933.0
64.0,3615.0,2247.0,2361.0,6373.0,5352.0,270.0,3087.0,2939.0
64.1,3615.0,2247.0,2361.0,6373.0,5359.0,271.0,3087.0,2939.0
64.2,3615.0,2247.0,2361.0,6378.0,5359.0,273.0,3087.0,2939.0
64.3,3615.0,2247.0,2361.0,6378.0,5359.0,274.0,3087.0,2939.0
64.4,3615.0,2247.0,2361.0,6378.0,5399.0,276.0,3089.0,2958.0
64.5,3615.0,2247.0,2361.0,6378.0,5399.0,277.0,3089.0,2958.0
64.6,3615.0,2247.0,2361.0,6379.0,5399.0,279.0,3089.0,2958.0
64.7,3615.0,2247.0,2361.0,6379.0,5399.0,280.0,3107.0,2958.0
64.8,3615.0,2247.0,2361.0,6379.0,5431.0,281.0,3107.0,2968.0
64.9,3615.0,2247.0,2361.0,6379.0,5431.0,282.0,3107.0,2968.0
65.0,3615.0,2247.0,2361.0,6427.0,5431.0,283.0,3107.0,2968.0
65.1,3615.0,2247.0,2361.0,6427.0,5461.0,284.0,3129.0,2968.0
65.2,3615.0,2247.0,2361.0,6427.0,5461.0,286.0,3129.0,2969.0
65.3,3615.0,2247.0,2361.0,6438.0,5461.0,287.0,3129.0,2969.0
65.4,3615.0,2247.0,2361.0,6438.0,5461.0,288.0,3130.0,2969.0
65.5,3615.0,2247.0,2361.0,6438.0,5545.0,289.0,3130.0,2969.0
65.6,3615.0,2247.0,2361.0,6438.0,5545.0,291.0,3130.0,2996.0
65.7,3615.0,2247.0,2361.0,6442.0,5545.0,292.0,3130.0,2996.0
65.8,3615.0,2247.0,2361.0,6442.0,5549.0,293.0,3140.0,2996.0
65.9,3615.0,2247.0,2361.0,6442.0,5549.0,294.0,3140.0,3018.0
66.0,3615.0,2247.0,2361.0,6442.0,5549.0,295.0,3140.0,3018.0
66.1,3615.0,2247.0,2361.0,6464.0,5556.0,297.0,3146.0,3018.0
66.2,3615.0,2247.0,2361.0,6464.0,5556.0,298.0,3146.0,3018.0
66.3,3615.0,2247.0,2361.0,6464.0,5556.0,300.0,3146.0,3066.0
66.4,3615.0,2247.0,2361.0,6464.0,5556.0,301.0,3146.0,3066.0
66.5,3615.0,2247.0,2361.0,6464.0,5606.0,303.0,3166.0,3066.0
66.6,3615.0,2247.0,2361.0,6464.0,5606.0,304.0,3166.0,3066.0
66.7,4255.0,2595.0,2366.0,6464.0,5606.0,306.0,3166.0,3067.0
66.8,4255.0,2595.0,2366.0,6516.0,5630.0,307.0,3185.0,3067.0
66.9,4255.0,2595.0,2366.0,6516.0,5630.0,309.0,3185.0,3067.0
67.0,4255.0,2595.0,2366.0,6516.0,5630.0,310.0,3185.0,3067.0
67.1,4255.0,2595.0,2366.0,6516.0,5630.0,312.0,3185.0,3069.0
67.2,4255.0,2595.0,2366.0,6531.0,5631.0,314.0,3238.0,3069.0
67.3,4255.0,2595.0,2366.0,6531.0,5631.0,315.0,3238.0,3069.0
67.4,4255.0,2595.0,2366.0,6531.0,5631.0,316.0,3238.0,3069.0
67.5,4255.0,2595.0,2366.0,6531.0,5682.0,318.0,3241.0,3087.0
67.6,4255.0,2595.0,2366.0,6534.0,5682.0,319.0,3241.0,3087.0
67.7,4255.0,2595.0,2366.0,6534.0,5682.0,321.0,3241.0,3087.0
67.8,4255.0,2595.0,2366.0,6534.0,5682.0,322.0,3241.0,3087.0
67.9,4255.0,2595.0,2366.0,6534.0,5796.0,323.0,3280.0,3092.0
68.0,4255.0,2595.0,2366.0,6547.0,5796.0,324.0,3280.0,3092.0
68.1,4255.0,2595.0,2366.0,6547.0,5796.0,326.0,3280.0,3092.0
68.2,4255.0,2595.0,2366.0,6547.0,5825.0,327.0,3286.0,3092.0
68.3,4255.0,2595.0,2366.0,6547.0,5825.0,329.0,3286.0,3093.0
68.4,4255.0,2595.0,2366.0,6571.0,5825.0,330.0,3286.0,3093.0
68.5,4255.0,2595.0,2366.0,6571.0,5858.0,332.0,3286.0,3093.0
68.6,4255.0,2595.0,2366.0,6571.0,5858.0,334.0,3300.0,3093.0
68.7,4255.0,2595.0,2366.0,6584.0,5858.0,336.0,3300.0,3105.0
68.8,4255.0,2595.0,2366.0,6584.0,5858.0,338.0,3300.0,3105.0
68.9,4255.0,2595.0,2366.0,6584.0,5886.0,340.0,3300.0,3105.0
69.0,4255.0,2595.0,2366.0,6584.0,5886.0,342.0,3349.0,3109.0
69.1,4255.0,2595.0,2366.0,6611.0,5886.0,343.0,3349.0,3109.0
69.2,4255.0,2595.0,2366.0,6611.0,5888.0,345.0,3349.0,3109.0
69.3,4255.0,2595.0,2366.0,6611.0,5888.0,346.0,3366.0,3109.0
69.4,4255.0,2595.0,2366.0,6611.0,5888.0,348.0,3366.0,3137.0
69.5,4255.0,2595.0,2366.0,6658.0,5888.0,350.0,3366.0,3137.0
69.6,4255.0,2595.0,2366.0,6658.0,5910.0,351.0,3366.0,3137.0
69.7,4255.0,2595.0,2366.0,6658.0,5910.0,353.0,3377.0,3137.0
69.8,4255.0,2595.0,2366.0,6658.0,5910.0,354.0,3377.0,3155.0
69.9,4255.0,2595.0,2366.0,6686.0,5957.0,355.0,3377.0,3155.0
70.0,4255.0,2595.0,2366.0,6686.0,5957.0,357.0,3386.0,3155.0
70.1,4255.0,2595.0,2366.0,6686.0,5957.0,358.0,3386.0,3155.0
70.2,4255.0,2595.0,2366.0,6789.0,5957.0,360.0,3386.0,3160.0
70.3,4255.0,2595.0,2366.0,6789.0,5958.0,361.0,3386.0,3160.0
70.4,4255.0,2595.0,2366.0,6789.0,5958.0,363.0,3414.0,3160.0
70.5,4255.0,2595.0,2366.0,6789.0,5958.0,364.0,3414.0,3160.0
70.6,4255.0,2595.0,2366.0,6831.0,5970.0,366.0,3414.0,3188.0
70.7,4255.0,2595.0,2366.0,6831.0,5970.0,367.0,3415.0,3188.0
70.8,4255.0,2595.0,2366.0,6831.0,5970.0,369.0,3415.0,3188.0
70.9,4255.0,2595.0,2366.0,6831.0,5996.0,370.0,3415.0,3188.0
71.0,4255.0,2595.0,2366.0,6845.0,5996.0,372.0,3415.0,3211.0
71.1,4255.0,2595.0,2366.0,6845.0,5996.0,373.0,3464.0,3211.0
71.2,4255.0,2595.0,2366.0,6845.0,5996.0,375.0,3464.0,3211.0
71.3,4255.0,2595.0,2366.0,6845.0,6027.0,377.0,3464.0,3211.0
71.4,4255.0,2595.0,2366.0,6862.0,6027.0,378.0,3514.0,3218.0
71.5,4255.0,2595.0,2366.0,6862.0,6027.0,379.0,3514.0,3218.0
71.6,4255.0,2595.0,2366.0,6862.0,6107.0,381.0,3514.0,3218.0
71.7,4255.0,2595.0,2366.0,6905.0,6107.0,382.0,3514.0,3218.0
71.8,4255.0,2595.0,2366.0,6905.0,6107.0,383.0,3523.0,3218.0
71.9,4255.0,2595.0,2366.0,6905.0,6107.0,384.0,3523.0,3218.0
72.0,4255.0,2595.0,2366.0,6905.0,6107.0,385.0,3523.0,3218.0
72.1,4255.0,2595.0,2366.0,7012.0,6107.0,387.0,3542.0,3226.0
72.2,4255.0,2595.0,2366.0,7012.0,6107.0,388.0,3542.0,3226.0
72.3,4255.0,2595.0,2366.0,7012.0,6166.0,389.0,3542.0,3226.0
72.4,4255.0,2595.0,2366.0,7012.0,6166.0,390.0,3542.0,3226.0
72.5,4255.0,2595.0,2366.0,7013.0,6166.0,392.0,3546.0,3316.0
72.6,4255.0,2595.0,2366.0,7013.0,6166.0,393.0,3546.0,3316.0
72.7,4255.0,2595.0,2366.0,7013.0,6237.0,394.0,3546.0,3316.0
72.8,4255.0,2595.0,2366.0,7013.0,6237.0,395.0,3548.0,3316.0
72.9,4255.0,2595.0,2366.0,7096.0,6237.0,397.0,3548.0,3327.0
73.0,4255.0,2595.0,2366.0,7096.0,6264.0,398.0,3548.0,3327.0
73.1,4255.0,2595.0,2366.0,7096.0,6264.0,400.0,3548.0,3327.0
73.2,4255.0,2595.0,2366.0,7096.0,6264.0,401.0,3572.0,3327.0
73.3,4255.0,2595.0,2366.0,7100.0,6309.0,402.0,3572.0,3336.0
73.4,4255.0,2595.0,2366.0,7100.0,6309.0,404.0,3572.0,3336.0
73.5,4255.0,2595.0,2366.0,7100.0,6309.0,405.0,3608.0,3336.0
73.6,4255.0,2595.0,2366.0,7110.0,6309.0,407.0,3608.0,3336.0
73.7,4255.0,2595.0,2366.0,7110.0,6315.0,408.0,3608.0,3417.0
73.8,4255.0,2595.0,2366.0,7110.0,6315.0,410.0,3608.0,3417.0
73.9,4255.0,2595.0,2366.0,7110.0,6315.0,411.0,3624.0,3417.0
74.0,4255.0,2595.0,2366.0,7119.0,6318.0,414.0,3624.0,3417.0
74.1,4255.0,2595.0,2366.0,7119.0,6318.0,415.0,3624.0,3424.0
74.2,4255.0,2595.0,2366.0,7119.0,6318.0,417.0,3624.0,3424.0
74.3,4255.0,2595.0,2366.0,7119.0,6318.0,418.0,3631.0,3424.0
74.4,4255.0,2595.0,2366.0,7152.0,6349.0,420.0,3631.0,3424.0
74.5,4255.0,2595.0,2366.0,7152.0,6349.0,421.0,3631.0,3432.0
74.6,4255.0,2595.0,2366.0,7152.0,6349.0,422.0,3653.0,3432.0
74.7,4255.0,2595.0,2366.0,7152.0,6440.0,424.0,3653.0,3432.0
74.8,4255.0,2595.0,2366.0,7215.0,6440.0,425.0,3653.0,3432.0
74.9,4255.0,2595.0,2366.0,7215.0,6440.0,426.0,3653.0,3474.0
75.0,4255.0,2595.0,2366.0,7215.0,6440.0,427.0,3685.0,3474.0
75.1,4255.0,2595.0,2366.0,7231.0,6541.0,429.0,3685.0,3474.0
75.2,4255.0,2595.0,2366.0,7231.0,6541.0,430.0,3685.0,3485.0
75.3,4255.0,2595.0,2366.0,7231.0,6541.0,431.0,3724.0,3485.0
75.4,4255.0,2595.0,2366.0,7231.0,6554.0,432.0,3724.0,3485.0
75.5,4255.0,2595.0,2366.0,7231.0,6554.0,434.0,3724.0,3485.0
75.6,4255.0,2595.0,2366.0,7231.0,6554.0,435.0,3724.0,3506.0
75.7,4255.0,2595.0,2366.0,7231.0,6581.0,436.0,3781.0,3506.0
75.8,4255.0,2595.0,2366.0,7231.0,6581.0,437.0,3781.0,3506.0
75.9,4255.0,2595.0,2366.0,7237.0,6581.0,439.0,3781.0,3506.0
76.0,4255.0,2595.0,2366.0,7237.0,6581.0,440.0,3818.0,3550.0
76.1,4255.0,2595.0,2366.0,7237.0,6596.0,442.0,3818.0,3550.0
76.2,4255.0,2595.0,2366.0,7237.0,6596.0,443.0,3818.0,3550.0
76.3,4255.0,2595.0,2366.0,7329.0,6596.0,445.0,3818.0,3550.0
76.4,4255.0,2595.0,2366.0,7329.0,6638.0,446.0,3829.0,3592.0
76.5,4255.0,2595.0,2366.0,7329.0,6638.0,447.0,3829.0,3592.0
76.6,4255.0,2595.0,2366.0,7329.0,6638.0,449.0,3829.0,3592.0
76.7,4255.0,2595.0,2366.0,7333.0,6638.0,450.0,3890.0,3592.0
76.8,4255.0,2595.0,2366.0,7333.0,6675.0,452.0,3890.0,3597.0
76.9,4255.0,2595.0,2366.0,7333.0,6675.0,454.0,3890.0,3597.0
77.0,4255.0,2595.0,2366.0,7346.0,6675.0,455.0,3890.0,3597.0
77.1,4255.0,2595.0,2366.0,7346.0,6745.0,457.0,3892.0,3597.0
77.2,4255.0,2595.0,2366.0,7346.0,6745.0,458.0,3892.0,3606.0
77.3,4255.0,2595.0,2366.0,7346.0,6745.0,459.0,3892.0,3606.0
77.4,4255.0,2595.0,2366.0,7408.0,6751.0,460.0,3942.0,3606.0
77.5,4255.0,2595.0,2366.0,7408.0,6751.0,462.0,3942.0,3606.0
77.6,4255.0,2595.0,2366.0,7408.0,6751.0,463.0,3942.0,3647.0
77.7,4255.0,2595.0,2366.0,7408.0,6751.0,464.0,3942.0,3647.0
77.8,7866.0,3041.0,3307.0,7479.0,6791.0,466.0,3948.0,3647.0
77.9,7866.0,3041.0,3307.0,7479.0,6791.0,467.0,3948.0,3647.0
78.0,7866.0,3041.0,3307.0,7479.0,6791.0,469.0,3948.0,3682.0
78.1,7866.0,3041.0,3307.0,7479.0,6800.0,470.0,3955.0,3682.0
78.2,7866.0,3041.0,3307.0,7576.0,6800.0,473.0,3955.0,3682.0
78.3,7866.0,3041.0,3307.0,7576.0,6800.0,474.0,3955.0,3739.0
78.4,7866.0,3041.0,3307.0,7576.0,6800.0,477.0,3955.0,3739.0
78.5,7866.0,3041.0,3307.0,7603.0,6802.0,478.0,3981.0,3739.0
78.6,7866.0,3041.0,3307.0,7603.0,6802.0,480.0,3981.0,3739.0
78.7,7866.0,3041.0,3307.0,7603.0,6802.0,481.0,3981.0,3776.0
78.8,7866.0,3041.0,3307.0,7603.0,6911.0,483.0,3993.0,3776.0
78.9,7866.0,3041.0,3307.0,7605.0,6911.0,485.0,3993.0,3776.0
79.0,7866.0,3041.0,3307.0,7605.0,6911.0,488.0,3993.0,3776.0
79.1,7866.0,3041.0,3307.0,7605.0,6911.0,489.0,3993.0,3780.0
79.2,7866.0,3041.0,3307.0,7605.0,6927.0,491.0,4057.0,3780.0
79.3,7866.0,3041.0,3307.0,7622.0,6927.0,493.0,4057.0,3780.0
79.4,7866.0,3041.0,3307.0,7622.0,6927.0,495.0,4057.0,3780.0
79.5,7866.0,3041.0,3307.0,7622.0,6968.0,497.0,4057.0,3781.0
79.6,7866.0,3041.0,3307.0,7622.0,6968.0,499.0,4060.0,3781.0
79.7,7866.0,3041.0,3307.0,7629.0,6968.0,501.0,4060.0,3781.0
79.8,7866.0,3041.0,3307.0,7629.0,6992.0,503.0,4060.0,3781.0
79.9,7866.0,3041.0,3307.0,7629.0,6992.0,505.0,4109.0,3790.0
80.0,7866.0,3041.0,3307.0,7629.0,6992.0,507.0,4109.0,3790.0
80.1,7866.0,3041.0,3307.0,7660.0,6992.0,509.0,4109.0,3790.0
80.2,7866.0,3041.0,3307.0,7660.0,7030.0,512.0,4109.0,3790.0
80.3,7866.0,3041.0,3307.0,7660.0,7030.0,515.0,4125.0,3810.0
80.4,7866.0,3041.0,3307.0,7675.0,7030.0,519.0,4125.0,3810.0
80.5,7866.0,3041.0,3307.0,7675.0,7040.0,522.0,4125.0,3810.0
80.6,7866.0,3041.0,3307.0,7675.0,7040.0,525.0,4143.0,3810.0
80.7,7866.0,3041.0,3307.0,7675.0,7040.0,528.0,4143.0,3822.0
80.8,7866.0,3041.0,3307.0,7686.0,7040.0,530.0,4143.0,3822.0
80.9,7866.0,3041.0,3307.0,7686.0,7117.0,532.0,4143.0,3822.0
81.0,7866.0,3041.0,3307.0,7686.0,7117.0,535.0,4148.0,3822.0
81.1,7866.0,3041.0,3307.0,7686.0,7117.0,538.0,4148.0,3834.0
81.2,7866.0,3041.0,3307.0,7754.0,7162.0,541.0,4148.0,3834.0
81.3,7866.0,3041.0,3307.0,7754.0,7162.0,545.0,4167.0,3834.0
81.4,7866.0,3041.0,3307.0,7754.0,7162.0,548.0,4167.0,3916.0
81.5,7866.0,3041.0,3307.0,7754.0,7162.0,553.0,4167.0,3916.0
81.6,7866.0,3041.0,3307.0,7797.0,7167.0,559.0,4167.0,3916.0
81.7,7866.0,3041.0,3307.0,7797.0,7167.0,565.0,4199.0,3916.0
81.8,7866.0,3041.0,3307.0,7797.0,7167.0,570.0,4199.0,3970.0
81.9,7866.0,3041.0,3307.0,7825.0,7195.0,577.0,4199.0,3970.0
82.0,7866.0,3041.0,3307.0,7825.0,7195.0,583.0,4205.0,3970.0
82.1,7866.0,3041.0,3307.0,7825.0,7195.0,588.0,4205.0,3970.0
82.2,7866.0,3041.0,3307.0,7825.0,7199.0,594.0,4205.0,3974.0
82.3,7866.0,3041.0,3307.0,7887.0,7199.0,598.0,4205.0,3974.0
82.4,7866.0,3041.0,3307.0,7887.0,7199.0,604.0,4225.0,3974.0
82.5,7866.0,3041.0,3307.0,7887.0,7199.0,610.0,4225.0,3974.0
82.6,7866.0,3041.0,3307.0,7887.0,7206.0,617.0,4225.0,3979.0
82.7,7866.0,3041.0,3307.0,7945.0,7206.0,628.0,4253.0,3979.0
82.8,7866.0,3041.0,3307.0,7945.0,7206.0,634.0,4253.0,3979.0
82.9,7866.0,3041.0,3307.0,7945.0,7288.0,646.0,4253.0,3979.0
83.0,7866.0,3041.0,3307.0,7945.0,7288.0,653.0,4253.0,4001.0
83.1,7866.0,3041.0,3307.0,7985.0,7288.0,661.0,4257.0,4001.0
83.2,7866.0,3041.0,3307.0,7985.0,7288.0,667.0,4257.0,4001.0
83.3,7866.0,3041.0,3307.0,7985.0,7291.0,673.0,4257.0,4001.0
83.4,7866.0,3041.0,3307.0,7999.0,7291.0,683.0,4270.0,4017.0
83.5,7866.0,3041.0,3307.0,7999.0,7291.0,691.0,4270.0,4017.0
83.6,7866.0,3041.0,3307.0,7999.0,7296.0,699.0,4270.0,4017.0
83.7,7866.0,3041.0,3307.0,7999.0,7296.0,704.0,4270.0,4017.0
83.8,7866.0,3041.0,3307.0,8048.0,7296.0,710.0,4288.0,4087.0
83.9,7866.0,3041.0,3307.0,8048.0,7296.0,716.0,4288.0,4087.0
84.0,7866.0,3041.0,3307.0,8048.0,7308.0,722.0,4288.0,4087.0
84.1,7866.0,3041.0,3307.0,8048.0,7308.0,737.0,4291.0,4087.0
84.2,7866.0,3041.0,3307.0,8058.0,7308.0,751.0,4291.0,4091.0
84.3,7866.0,3041.0,3307.0,8058.0,7373.0,771.0,4291.0,4091.0
84.4,7866.0,3041.0,3307.0,8058.0,7373.0,792.0,4291.0,4091.0
84.5,7866.0,3041.0,3307.0,8058.0,7373.0,808.0,4305.0,4096.0
84.6,7866.0,3041.0,3307.0,8076.0,7410.0,827.0,4305.0,4096.0
84.7,7866.0,3041.0,3307.0,8076.0,7410.0,882.0,4305.0,4096.0
84.8,7866.0,3041.0,3307.0,8076.0,7410.0,927.0,4305.0,4096.0
84.9,7866.0,3041.0,3307.0,8076.0,7410.0,955.0,4311.0,4135.0
85.0,7866.0,3041.0,3307.0,8086.0,7477.0,972.0,4311.0,4135.0
85.1,7866.0,3041.0,3307.0,8086.0,7477.0,991.0,4311.0,4135.0
85.2,7866.0,3041.0,3307.0,8086.0,7477.0,996.0,4312.0,4135.0
85.3,7866.0,3041.0,3307.0,8093.0,7553.0,1011.0,4312.0,4191.0
85.4,7866.0,3041.0,3307.0,8093.0,7553.0,1014.0,4312.0,4191.0
85.5,7866.0,3041.0,3307.0,8093.0,7553.0,1024.0,4312.0,4191.0
85.6,7866.0,3041.0,3307.0,8093.0,7553.0,1029.0,4313.0,4191.0
85.7,7866.0,3041.0,3307.0,8100.0,7553.0,1036.0,4313.0,4207.0
85.8,7866.0,3041.0,3307.0,8100.0,7553.0,1046.0,4313.0,4207.0
85.9,7866.0,3041.0,3307.0,8100.0,7553.0,1055.0,4474.0,4207.0
86.0,7866.0,3041.0,3307.0,8100.0,7578.0,1060.0,4474.0,4207.0
86.1,7866.0,3041.0,3307.0,8103.0,7578.0,1065.0,4474.0,4219.0
86.2,7866.0,3041.0,3307.0,8103.0,7578.0,1081.0,4474.0,4219.0
86.3,7866.0,3041.0,3307.0,8103.0,7578.0,1096.0,4480.0,4219.0
86.4,7866.0,3041.0,3307.0,8103.0,7598.0,1115.0,4480.0,4219.0
86.5,7866.0,3041.0,3307.0,8104.0,7598.0,1129.0,4480.0,4259.0
86.6,7866.0,3041.0,3307.0,8104.0,7598.0,1144.0,4481.0,4259.0
86.7,7866.0,3041.0,3307.0,8104.0,7666.0,1154.0,4481.0,4259.0
86.8,7866.0,3041.0,3307.0,8118.0,7666.0,1166.0,4481.0,4259.0
86.9,7866.0,3041.0,3307.0,8118.0,7666.0,1200.0,4481.0,4278.0
87.0,7866.0,3041.0,3307.0,8118.0,7695.0,1226.0,4501.0,4278.0
87.1,7866.0,3041.0,3307.0,8118.0,7695.0,1231.0,4501.0,4278.0
87.2,7866.0,3041.0,3307.0,8121.0,7695.0,1258.0,4501.0,4278.0
87.3,7866.0,3041.0,3307.0,8121.0,7695.0,1280.0,4505.0,4280.0
87.4,7866.0,3041.0,3307.0,8121.0,7713.0,1304.0,4505.0,4280.0
87.5,7866.0,3041.0,3307.0,8121.0,7713.0,1328.0,4505.0,4280.0
87.6,7866.0,3041.0,3307.0,8141.0,7713.0,1347.0,4505.0,4289.0
87.7,7866.0,3041.0,3307.0,8141.0,7734.0,1358.0,4562.0,4289.0
87.8,7866.0,3041.0,3307.0,8141.0,7734.0,1366.0,4562.0,4289.0
87.9,7866.0,3041.0,3307.0,8141.0,7734.0,1374.0,4562.0,4289.0
88.0,7866.0,3041.0,3307.0,8150.0,7734.0,1386.0,4593.0,4362.0
88.1,7866.0,3041.0,3307.0,8150.0,7759.0,1401.0,4593.0,4362.0
88.2,7866.0,3041.0,3307.0,8150.0,7759.0,1413.0,4593.0,4362.0
88.3,7866.0,3041.0,3307.0,8150.0,7759.0,1421.0,4593.0,4362.0
88.4,7866.0,3041.0,3307.0,8159.0,7777.0,1430.0,4606.0,4450.0
88.5,7866.0,3041.0,3307.0,8159.0,7777.0,1440.0,4606.0,4450.0
88.6,7866.0,3041.0,3307.0,8159.0,7777.0,1449.0,4606.0,4450.0
88.7,7866.0,3041.0,3307.0,8193.0,7833.0,1461.0,4652.0,4450.0
88.8,7866.0,3041.0,3307.0,8193.0,7833.0,1472.0,4652.0,4495.0
88.9,8020.0,4447.0,4203.0,8193.0,7833.0,1482.0,4652.0,4495.0
89.0,8020.0,4447.0,4203.0,8193.0,7833.0,1494.0,4652.0,4495.0
89.1,8020.0,4447.0,4203.0,8204.0,7838.0,1505.0,4678.0,4495.0
89.2,8020.0,4447.0,4203.0,8204.0,7838.0,1511.0,4678.0,4577.0
89.3,8020.0,4447.0,4203.0,8204.0,7838.0,1519.0,4678.0,4577.0
89.4,8020.0,4447.0,4203.0,8204.0,7972.0,1524.0,4688.0,4577.0
89.5,8020.0,4447.0,4203.0,8224.0,7972.0,1531.0,4688.0,4577.0
89.6,8020.0,4447.0,4203.0,8224.0,7972.0,1541.0,4688.0,4619.0
89.7,8020.0,4447.0,4203.0,8224.0,7972.0,1548.0,4688.0,4619.0
89.8,8020.0,4447.0,4203.0,8224.0,8040.0,1552.0,4692.0,4619.0
89.9,8020.0,4447.0,4203.0,8522.0,8040.0,1559.0,4692.0,4619.0
90.0,8020.0,4447.0,4203.0,8522.0,8040.0,1565.0,4692.0,4877.0
90.1,8020.0,4447.0,4203.0,8522.0,8116.0,1572.0,4692.0,4877.0
90.2,8020.0,4447.0,4203.0,8704.0,8116.0,1581.0,4734.0,4877.0
90.3,8020.0,4447.0,4203.0,8704.0,8116.0,1588.0,4734.0,4877.0
90.4,8020.0,4447.0,4203.0,8704.0,8116.0,1597.0,4734.0,5011.0
90.5,8020.0,4447.0,4203.0,8704.0,8203.0,1603.0,4795.0,5011.0
90.6,8020.0,4447.0,4203.0,8808.0,8203.0,1610.0,4795.0,5011.0
90.7,8020.0,4447.0,4203.0,8808.0,8203.0,1613.0,4795.0,5015.0
90.8,8020.0,4447.0,4203.0,8808.0,8279.0,1618.0,4795.0,5015.0
90.9,8020.0,4447.0,4203.0,8808.0,8279.0,1626.0,4816.0,5015.0
91.0,8020.0,4447.0,4203.0,8820.0,8279.0,1632.0,4816.0,5015.0
91.1,8020.0,4447.0,4203.0,8820.0,8507.0,1640.0,4816.0,5054.0
91.2,8020.0,4447.0,4203.0,8820.0,8507.0,1645.0,4846.0,5054.0
91.3,8020.0,4447.0,4203.0,8820.0,8507.0,1651.0,4846.0,5054.0
91.4,8020.0,4447.0,4203.0,8968.0,8507.0,1660.0,4846.0,5054.0
91.5,8020.0,4447.0,4203.0,8968.0,8607.0,1672.0,4846.0,5095.0
91.6,8020.0,4447.0,4203.0,8968.0,8607.0,1683.0,4983.0,5095.0
91.7,8020.0,4447.0,4203.0,9034.0,8607.0,1691.0,4983.0,5095.0
91.8,8020.0,4447.0,4203.0,9034.0,8800.0,1699.0,4983.0,5095.0
91.9,8020.0,4447.0,4203.0,9034.0,8800.0,1710.0,4999.0,5138.0
92.0,8020.0,4447.0,4203.0,9034.0,8800.0,1717.0,4999.0,5138.0
92.1,8020.0,4447.0,4203.0,9077.0,8800.0,1723.0,4999.0,5138.0
92.2,8020.0,4447.0,4203.0,9077.0,8912.0,1731.0,4999.0,5138.0
92.3,8020.0,4447.0,4203.0,9077.0,8912.0,1737.0,5009.0,5168.0
92.4,8020.0,4447.0,4203.0,9077.0,8912.0,1745.0,5009.0,5168.0
92.5,8020.0,4447.0,4203.0,9100.0,8990.0,1755.0,5009.0,5168.0
92.6,8020.0,4447.0,4203.0,9100.0,8990.0,1762.0,5015.0,5168.0
92.7,8020.0,4447.0,4203.0,9100.0,8990.0,1770.0,5015.0,5222.0
92.8,8020.0,4447.0,4203.0,9100.0,8990.0,1778.0,5015.0,5222.0
92.9,8020.0,4447.0,4203.0,9105.0,9106.0,1783.0,5015.0,5222.0
93.0,8020.0,4447.0,4203.0,9105.0,9106.0,1795.0,5016.0,5222.0
93.1,8020.0,4447.0,4203.0,9105.0,9106.0,1807.0,5016.0,5383.0
93.2,8020.0,4447.0,4203.0,9105.0,9110.0,1821.0,5016.0,5383.0
93.3,8020.0,4447.0,4203.0,9189.0,9110.0,1833.0,5018.0,5383.0
93.4,8020.0,4447.0,4203.0,9189.0,9110.0,1845.0,5018.0,5383.0
93.5,8020.0,4447.0,4203.0,9189.0,9259.0,1857.0,5018.0,9891.0
93.6,8020.0,4447.0,4203.0,9203.0,9259.0,1866.0,5018.0,9891.0
93.7,8020.0,4447.0,4203.0,9203.0,9259.0,1873.0,5427.0,9891.0
93.8,8020.0,4447.0,4203.0,9203.0,9259.0,1883.0,5427.0,10797.0
93.9,8020.0,4447.0,4203.0,9203.0,9279.0,1890.0,5427.0,10797.0
94.0,8020.0,4447.0,4203.0,9271.0,9279.0,1899.0,5528.0,10797.0
94.1,8020.0,4447.0,4203.0,9271.0,9279.0,1906.0,5528.0,10797.0
94.2,8020.0,4447.0,4203.0,9271.0,9409.0,1916.0,5528.0,10918.0
94.3,8020.0,4447.0,4203.0,9271.0,9409.0,1926.0,5528.0,10918.0
94.4,8020.0,4447.0,4203.0,9479.0,9409.0,1938.0,10442.0,10918.0
94.5,8020.0,4447.0,4203.0,9479.0,9409.0,1949.0,10442.0,10918.0
94.6,8020.0,4447.0,4203.0,9479.0,12943.0,1958.0,10442.0,11050.0
94.7,8020.0,4447.0,4203.0,9479.0,12943.0,1967.0,10896.0,11050.0
94.8,8020.0,4447.0,4203.0,9559.0,12943.0,1981.0,10896.0,11050.0
94.9,8020.0,4447.0,4203.0,9559.0,12943.0,1993.0,10896.0,11050.0
95.0,8020.0,4447.0,4203.0,9559.0,12943.0,2006.0,10896.0,11187.0
95.1,8020.0,4447.0,4203.0,9573.0,12943.0,2027.0,11101.0,11187.0
95.2,8020.0,4447.0,4203.0,9573.0,12943.0,2041.0,11101.0,11187.0
95.3,8020.0,4447.0,4203.0,9573.0,13013.0,2056.0,11101.0,11187.0
95.4,8020.0,4447.0,4203.0,9573.0,13013.0,2072.0,11101.0,11386.0
95.5,8020.0,4447.0,4203.0,9649.0,13013.0,2085.0,11114.0,11386.0
95.6,8020.0,4447.0,4203.0,9649.0,13025.0,2100.0,11114.0,11386.0
95.7,8020.0,4447.0,4203.0,9649.0,13025.0,2119.0,11114.0,11386.0
95.8,8020.0,4447.0,4203.0,9649.0,13025.0,2144.0,11220.0,11587.0
95.9,8020.0,4447.0,4203.0,13849.0,13671.0,2164.0,11220.0,11587.0
96.0,8020.0,4447.0,4203.0,13849.0,13671.0,2174.0,11220.0,11587.0
96.1,8020.0,4447.0,4203.0,13849.0,13671.0,2181.0,11220.0,11587.0
96.2,8020.0,4447.0,4203.0,13849.0,13671.0,2200.0,11297.0,11706.0
96.3,8020.0,4447.0,4203.0,14318.0,13724.0,2212.0,11297.0,11706.0
96.4,8020.0,4447.0,4203.0,14318.0,13724.0,2230.0,11297.0,11706.0
96.5,8020.0,4447.0,4203.0,14318.0,13724.0,2244.0,11326.0,11706.0
96.6,8020.0,4447.0,4203.0,14318.0,14390.0,2262.0,11326.0,11721.0
96.7,8020.0,4447.0,4203.0,14686.0,14390.0,2288.0,11326.0,11721.0
96.8,8020.0,4447.0,4203.0,14686.0,14390.0,2304.0,11326.0,11721.0
96.9,8020.0,4447.0,4203.0,14686.0,14390.0,2317.0,11463.0,70268.0
97.0,8020.0,4447.0,4203.0,14764.0,14858.0,2338.0,11463.0,70268.0
97.1,8020.0,4447.0,4203.0,14764.0,14858.0,2366.0,11463.0,70268.0
97.2,8020.0,4447.0,4203.0,14764.0,14858.0,2384.0,75365.0,70268.0
97.3,8020.0,4447.0,4203.0,14764.0,67726.0,2417.0,75365.0,74794.0
97.4,8020.0,4447.0,4203.0,14767.0,67726.0,2453.0,75365.0,74794.0
97.5,8020.0,4447.0,4203.0,14767.0,67726.0,2496.0,75365.0,74794.0
97.6,8020.0,4447.0,4203.0,14767.0,67726.0,2543.0,76232.0,74794.0
97.7,8020.0,4447.0,4203.0,14767.0,68360.0,2580.0,76232.0,80707.0
97.8,8020.0,4447.0,4203.0,61396.0,68360.0,2625.0,76232.0,80707.0
97.9,8020.0,4447.0,4203.0,61396.0,68360.0,2681.0,78267.0,80707.0
98.0,8020.0,4447.0,4203.0,61396.0,69126.0,2763.0,78267.0,80707.0
98.1,8020.0,4447.0,4203.0,61396.0,69126.0,2872.0,78267.0,82018.0
98.2,8020.0,4447.0,4203.0,63777.0,69126.0,2993.0,78267.0,82018.0
98.3,8020.0,4447.0,4203.0,63777.0,69869.0,3091.0,85265.0,82018.0
98.4,8020.0,4447.0,4203.0,63777.0,69869.0,3297.0,85265.0,82018.0
98.5,8020.0,4447.0,4203.0,65234.0,69869.0,3430.0,85265.0,89064.0
98.6,8020.0,4447.0,4203.0,65234.0,69869.0,3723.0,93541.0,89064.0
98.7,8020.0,4447.0,4203.0,65234.0,73502.0,3888.0,93541.0,89064.0
98.8,8020.0,4447.0,4203.0,65234.0,73502.0,4014.0,93541.0,89064.0
98.9,8020.0,4447.0,4203.0,69101.0,73502.0,4316.0,93541.0,91256.0
99.0,8020.0,4447.0,4203.0,69101.0,74988.0,4522.0,96571.0,91256.0
99.1,8020.0,4447.0,4203.0,69101.0,74988.0,4882.0,96571.0,91256.0
99.2,8020.0,4447.0,4203.0,69101.0,74988.0,5100.0,96571.0,91256.0
99.3,8020.0,4447.0,4203.0,74345.0,74988.0,5678.0,106874.0,94703.0
99.4,8020.0,4447.0,4203.0,74345.0,101895.0,6172.0,106874.0,94703.0
99.5,8020.0,4447.0,4203.0,74345.0,101895.0,7698.0,106874.0,94703.0
99.6,8020.0,4447.0,4203.0,74345.0,101895.0,64522.0,106874.0,94703.0
99.7,8020.0,4447.0,4203.0,81815.0,130084.0,76975.0,107951.0,131029.0
99.8,8020.0,4447.0,4203.0,81815.0,130084.0,97044.0,107951.0,131029.0
99.9,8020.0,4447.0,4203.0,81815.0,130084.0,136659.0,107951.0,131029.0
