Percentiles,Book Pickup E0009,Create Delivery As E0009,Create Delivery As Lazada,Login API Gateway _ E0009,Login API Gateway _ Lazada
0.1,164.0,175.0,194.0,356.0,362.0
0.2,164.0,175.0,194.0,356.0,362.0
0.3,167.0,176.0,197.0,359.0,366.0
0.4,167.0,176.0,197.0,359.0,366.0
0.5,169.0,179.0,199.0,365.0,367.0
0.6,169.0,179.0,199.0,365.0,367.0
0.7,169.0,181.0,200.0,365.0,367.0
0.8,169.0,181.0,200.0,365.0,367.0
0.9,174.0,181.0,201.0,365.0,368.0
1.0,174.0,181.0,201.0,365.0,368.0
1.1,176.0,181.0,202.0,367.0,369.0
1.2,176.0,181.0,202.0,367.0,369.0
1.3,177.0,182.0,204.0,369.0,371.0
1.4,177.0,182.0,204.0,369.0,371.0
1.5,180.0,184.0,204.0,369.0,373.0
1.6,180.0,184.0,204.0,369.0,373.0
1.7,180.0,185.0,206.0,372.0,374.0
1.8,181.0,185.0,206.0,372.0,374.0
1.9,181.0,185.0,207.0,372.0,377.0
2.0,181.0,186.0,207.0,374.0,377.0
2.1,181.0,186.0,208.0,374.0,377.0
2.2,182.0,187.0,208.0,376.0,377.0
2.3,182.0,187.0,209.0,376.0,379.0
2.4,182.0,187.0,209.0,377.0,379.0
2.5,182.0,187.0,211.0,377.0,382.0
2.6,183.0,187.0,211.0,377.0,382.0
2.7,183.0,187.0,212.0,377.0,383.0
2.8,183.0,188.0,212.0,377.0,383.0
2.9,183.0,188.0,212.0,377.0,387.0
3.0,184.0,191.0,212.0,382.0,387.0
3.1,184.0,191.0,214.0,382.0,388.0
3.2,186.0,191.0,214.0,382.0,388.0
3.3,186.0,191.0,215.0,382.0,389.0
3.4,186.0,193.0,215.0,385.0,389.0
3.5,187.0,193.0,215.0,385.0,389.0
3.6,187.0,193.0,215.0,385.0,389.0
3.7,189.0,195.0,216.0,386.0,389.0
3.8,189.0,195.0,216.0,386.0,389.0
3.9,189.0,195.0,216.0,387.0,393.0
4.0,189.0,195.0,216.0,387.0,393.0
4.1,191.0,196.0,218.0,388.0,394.0
4.2,191.0,196.0,218.0,388.0,394.0
4.3,191.0,197.0,219.0,388.0,398.0
4.4,191.0,197.0,219.0,388.0,398.0
4.5,192.0,199.0,220.0,390.0,402.0
4.6,192.0,199.0,220.0,390.0,402.0
4.7,193.0,199.0,224.0,393.0,402.0
4.8,193.0,199.0,224.0,393.0,402.0
4.9,195.0,200.0,228.0,394.0,407.0
5.0,195.0,200.0,228.0,394.0,407.0
5.1,195.0,201.0,230.0,397.0,409.0
5.2,195.0,201.0,230.0,397.0,409.0
5.3,195.0,201.0,231.0,397.0,409.0
5.4,196.0,201.0,231.0,400.0,409.0
5.5,196.0,201.0,233.0,400.0,410.0
5.6,196.0,203.0,233.0,400.0,410.0
5.7,196.0,203.0,234.0,400.0,411.0
5.8,198.0,204.0,234.0,405.0,411.0
5.9,198.0,204.0,235.0,405.0,411.0
6.0,199.0,204.0,235.0,406.0,411.0
6.1,199.0,204.0,236.0,406.0,412.0
6.2,199.0,204.0,236.0,409.0,412.0
6.3,199.0,204.0,236.0,409.0,413.0
6.4,200.0,205.0,236.0,410.0,413.0
6.5,200.0,205.0,237.0,410.0,413.0
6.6,202.0,205.0,237.0,412.0,413.0
6.7,202.0,205.0,239.0,412.0,413.0
6.8,202.0,205.0,239.0,414.0,413.0
6.9,203.0,205.0,244.0,414.0,413.0
7.0,203.0,205.0,244.0,414.0,413.0
7.1,204.0,206.0,244.0,415.0,414.0
7.2,204.0,206.0,244.0,415.0,414.0
7.3,205.0,206.0,245.0,416.0,417.0
7.4,205.0,206.0,245.0,416.0,417.0
7.5,211.0,207.0,245.0,416.0,417.0
7.6,211.0,207.0,245.0,416.0,417.0
7.7,211.0,207.0,247.0,416.0,418.0
7.8,211.0,207.0,247.0,416.0,418.0
7.9,213.0,208.0,247.0,417.0,418.0
8.0,213.0,208.0,247.0,417.0,418.0
8.1,213.0,209.0,248.0,417.0,420.0
8.2,213.0,209.0,248.0,417.0,420.0
8.3,215.0,209.0,249.0,417.0,420.0
8.4,215.0,209.0,249.0,417.0,420.0
8.5,215.0,209.0,250.0,419.0,422.0
8.6,216.0,209.0,250.0,419.0,422.0
8.7,216.0,209.0,252.0,419.0,423.0
8.8,217.0,210.0,252.0,421.0,423.0
8.9,217.0,210.0,252.0,421.0,425.0
9.0,218.0,210.0,252.0,421.0,425.0
9.1,218.0,210.0,253.0,421.0,426.0
9.2,219.0,210.0,253.0,421.0,426.0
9.3,219.0,210.0,254.0,421.0,427.0
9.4,220.0,211.0,254.0,422.0,427.0
9.5,220.0,211.0,254.0,422.0,427.0
9.6,221.0,213.0,254.0,422.0,427.0
9.7,221.0,213.0,255.0,422.0,430.0
9.8,222.0,214.0,255.0,423.0,430.0
9.9,222.0,214.0,255.0,423.0,432.0
10.0,222.0,215.0,255.0,423.0,432.0
10.1,223.0,215.0,260.0,423.0,432.0
10.2,223.0,215.0,260.0,424.0,432.0
10.3,223.0,215.0,260.0,424.0,435.0
10.4,223.0,215.0,260.0,424.0,435.0
10.5,224.0,215.0,262.0,425.0,435.0
10.6,224.0,215.0,262.0,425.0,435.0
10.7,226.0,216.0,263.0,425.0,438.0
10.8,226.0,216.0,263.0,425.0,438.0
10.9,227.0,216.0,264.0,428.0,439.0
11.0,227.0,216.0,264.0,428.0,439.0
11.1,228.0,217.0,266.0,429.0,439.0
11.2,228.0,217.0,266.0,429.0,439.0
11.3,228.0,218.0,271.0,429.0,439.0
11.4,228.0,218.0,271.0,429.0,439.0
11.5,229.0,218.0,272.0,429.0,439.0
11.6,229.0,218.0,272.0,429.0,439.0
11.7,229.0,220.0,273.0,432.0,440.0
11.8,232.0,220.0,273.0,432.0,440.0
11.9,232.0,220.0,278.0,432.0,440.0
12.0,233.0,220.0,278.0,432.0,440.0
12.1,233.0,220.0,278.0,432.0,440.0
12.2,236.0,221.0,278.0,434.0,440.0
12.3,236.0,221.0,283.0,434.0,440.0
12.4,236.0,222.0,283.0,435.0,440.0
12.5,236.0,222.0,286.0,435.0,443.0
12.6,236.0,222.0,286.0,435.0,443.0
12.7,236.0,222.0,287.0,435.0,447.0
12.8,237.0,222.0,287.0,438.0,447.0
12.9,237.0,222.0,287.0,438.0,447.0
13.0,239.0,222.0,287.0,438.0,447.0
13.1,239.0,222.0,290.0,438.0,448.0
13.2,241.0,222.0,290.0,441.0,448.0
13.3,241.0,222.0,291.0,441.0,450.0
13.4,241.0,222.0,291.0,443.0,450.0
13.5,241.0,222.0,291.0,443.0,450.0
13.6,241.0,224.0,291.0,444.0,450.0
13.7,241.0,224.0,292.0,444.0,452.0
13.8,241.0,224.0,292.0,444.0,452.0
13.9,241.0,224.0,293.0,445.0,453.0
14.0,241.0,224.0,293.0,445.0,453.0
14.1,242.0,225.0,297.0,446.0,453.0
14.2,242.0,225.0,297.0,446.0,453.0
14.3,244.0,225.0,299.0,446.0,453.0
14.4,244.0,225.0,299.0,446.0,453.0
14.5,245.0,225.0,301.0,446.0,453.0
14.6,245.0,225.0,301.0,446.0,453.0
14.7,245.0,226.0,305.0,446.0,454.0
14.8,245.0,226.0,305.0,446.0,454.0
14.9,245.0,227.0,307.0,448.0,457.0
15.0,245.0,227.0,307.0,448.0,457.0
15.1,245.0,228.0,308.0,448.0,458.0
15.2,246.0,228.0,308.0,448.0,458.0
15.3,246.0,228.0,308.0,450.0,458.0
15.4,248.0,228.0,308.0,450.0,458.0
15.5,248.0,230.0,308.0,451.0,458.0
15.6,250.0,230.0,308.0,451.0,458.0
15.7,250.0,230.0,310.0,451.0,459.0
15.8,250.0,230.0,310.0,452.0,459.0
15.9,250.0,230.0,311.0,452.0,461.0
16.0,253.0,231.0,311.0,457.0,461.0
16.1,253.0,231.0,317.0,457.0,461.0
16.2,254.0,231.0,317.0,459.0,461.0
16.3,254.0,231.0,320.0,459.0,461.0
16.4,254.0,232.0,320.0,460.0,461.0
16.5,254.0,232.0,322.0,460.0,462.0
16.6,256.0,232.0,322.0,464.0,462.0
16.7,256.0,232.0,322.0,464.0,462.0
16.8,256.0,234.0,323.0,465.0,462.0
16.9,256.0,234.0,323.0,465.0,463.0
17.0,256.0,235.0,325.0,468.0,463.0
17.1,258.0,235.0,325.0,468.0,467.0
17.2,258.0,236.0,325.0,470.0,467.0
17.3,264.0,236.0,325.0,470.0,467.0
17.4,264.0,236.0,326.0,470.0,467.0
17.5,265.0,237.0,326.0,473.0,467.0
17.6,265.0,237.0,326.0,473.0,467.0
17.7,266.0,237.0,326.0,473.0,470.0
17.8,266.0,237.0,332.0,473.0,470.0
17.9,266.0,237.0,332.0,477.0,471.0
18.0,266.0,237.0,333.0,477.0,471.0
18.1,266.0,238.0,333.0,477.0,471.0
18.2,266.0,238.0,336.0,477.0,471.0
18.3,266.0,238.0,336.0,479.0,471.0
18.4,266.0,238.0,338.0,479.0,471.0
18.5,266.0,238.0,338.0,484.0,471.0
18.6,267.0,238.0,341.0,484.0,471.0
18.7,267.0,240.0,341.0,491.0,472.0
18.8,268.0,240.0,341.0,491.0,472.0
18.9,268.0,241.0,341.0,493.0,475.0
19.0,268.0,241.0,341.0,493.0,475.0
19.1,268.0,241.0,341.0,493.0,476.0
19.2,269.0,242.0,342.0,500.0,476.0
19.3,269.0,242.0,342.0,500.0,476.0
19.4,269.0,242.0,343.0,501.0,476.0
19.5,269.0,242.0,343.0,501.0,481.0
19.6,271.0,242.0,343.0,501.0,481.0
19.7,271.0,242.0,343.0,501.0,483.0
19.8,271.0,242.0,343.0,506.0,483.0
19.9,271.0,242.0,343.0,506.0,483.0
20.0,271.0,243.0,348.0,507.0,483.0
20.1,274.0,243.0,348.0,507.0,483.0
20.2,274.0,243.0,350.0,507.0,483.0
20.3,275.0,243.0,350.0,507.0,484.0
20.4,275.0,243.0,350.0,510.0,484.0
20.5,276.0,243.0,350.0,510.0,484.0
20.6,276.0,243.0,350.0,514.0,484.0
20.7,276.0,243.0,350.0,514.0,485.0
20.8,276.0,243.0,352.0,514.0,485.0
20.9,277.0,243.0,352.0,517.0,485.0
21.0,277.0,243.0,352.0,517.0,485.0
21.1,277.0,243.0,352.0,518.0,487.0
21.2,277.0,243.0,352.0,518.0,487.0
21.3,283.0,244.0,352.0,537.0,487.0
21.4,283.0,244.0,352.0,537.0,487.0
21.5,287.0,245.0,352.0,539.0,488.0
21.6,287.0,245.0,353.0,539.0,488.0
21.7,287.0,246.0,353.0,539.0,489.0
21.8,287.0,246.0,354.0,539.0,489.0
21.9,287.0,246.0,354.0,543.0,493.0
22.0,291.0,246.0,355.0,543.0,493.0
22.1,291.0,247.0,355.0,544.0,495.0
22.2,292.0,247.0,356.0,544.0,495.0
22.3,292.0,247.0,356.0,551.0,497.0
22.4,292.0,247.0,358.0,551.0,497.0
22.5,292.0,247.0,358.0,551.0,497.0
22.6,292.0,247.0,360.0,555.0,497.0
22.7,292.0,247.0,360.0,555.0,498.0
22.8,294.0,250.0,361.0,559.0,498.0
22.9,294.0,250.0,361.0,559.0,500.0
23.0,294.0,250.0,361.0,568.0,500.0
23.1,294.0,250.0,361.0,568.0,501.0
23.2,295.0,251.0,362.0,572.0,501.0
23.3,295.0,251.0,362.0,572.0,502.0
23.4,295.0,253.0,364.0,577.0,502.0
23.5,295.0,253.0,364.0,577.0,502.0
23.6,295.0,256.0,366.0,578.0,502.0
23.7,295.0,256.0,366.0,578.0,502.0
23.8,295.0,256.0,366.0,586.0,502.0
23.9,296.0,256.0,366.0,586.0,504.0
24.0,296.0,259.0,370.0,586.0,504.0
24.1,299.0,259.0,370.0,586.0,506.0
24.2,299.0,259.0,371.0,586.0,506.0
24.3,300.0,260.0,371.0,592.0,507.0
24.4,300.0,260.0,374.0,592.0,507.0
24.5,307.0,260.0,374.0,602.0,513.0
24.6,307.0,260.0,374.0,602.0,513.0
24.7,307.0,260.0,374.0,602.0,514.0
24.8,307.0,260.0,374.0,602.0,514.0
24.9,311.0,262.0,374.0,604.0,515.0
25.0,311.0,262.0,376.0,604.0,515.0
25.1,311.0,262.0,376.0,610.0,516.0
25.2,313.0,262.0,377.0,610.0,516.0
25.3,313.0,262.0,377.0,610.0,517.0
25.4,313.0,262.0,379.0,610.0,517.0
25.5,313.0,263.0,379.0,617.0,517.0
25.6,313.0,263.0,381.0,617.0,517.0
25.7,313.0,263.0,381.0,620.0,518.0
25.8,313.0,263.0,382.0,620.0,518.0
25.9,313.0,263.0,382.0,620.0,521.0
26.0,315.0,263.0,386.0,625.0,521.0
26.1,315.0,263.0,386.0,625.0,524.0
26.2,315.0,264.0,388.0,627.0,524.0
26.3,315.0,264.0,388.0,627.0,527.0
26.4,318.0,265.0,394.0,628.0,527.0
26.5,318.0,265.0,394.0,628.0,531.0
26.6,320.0,265.0,399.0,630.0,531.0
26.7,320.0,265.0,399.0,630.0,532.0
26.8,320.0,265.0,399.0,632.0,532.0
26.9,323.0,265.0,399.0,632.0,534.0
27.0,323.0,270.0,400.0,639.0,534.0
27.1,323.0,270.0,400.0,639.0,535.0
27.2,323.0,271.0,402.0,639.0,535.0
27.3,327.0,271.0,402.0,639.0,539.0
27.4,327.0,273.0,406.0,644.0,539.0
27.5,329.0,273.0,406.0,644.0,543.0
27.6,329.0,273.0,414.0,644.0,543.0
27.7,329.0,275.0,414.0,644.0,547.0
27.8,329.0,275.0,414.0,644.0,547.0
27.9,332.0,275.0,414.0,648.0,558.0
28.0,332.0,275.0,421.0,648.0,558.0
28.1,332.0,277.0,421.0,649.0,559.0
28.2,332.0,277.0,424.0,649.0,559.0
28.3,336.0,277.0,424.0,661.0,564.0
28.4,336.0,277.0,424.0,661.0,564.0
28.5,336.0,278.0,424.0,662.0,567.0
28.6,336.0,278.0,428.0,662.0,567.0
28.7,336.0,279.0,428.0,664.0,570.0
28.8,336.0,279.0,431.0,664.0,570.0
28.9,336.0,279.0,431.0,665.0,572.0
29.0,337.0,279.0,434.0,665.0,572.0
29.1,337.0,280.0,434.0,670.0,576.0
29.2,340.0,280.0,436.0,670.0,576.0
29.3,340.0,281.0,436.0,672.0,578.0
29.4,340.0,281.0,443.0,672.0,578.0
29.5,340.0,281.0,443.0,672.0,586.0
29.6,349.0,282.0,444.0,678.0,586.0
29.7,349.0,282.0,444.0,678.0,590.0
29.8,351.0,284.0,444.0,679.0,590.0
29.9,351.0,284.0,444.0,679.0,591.0
30.0,351.0,284.0,458.0,683.0,591.0
30.1,362.0,284.0,458.0,683.0,603.0
30.2,362.0,288.0,463.0,685.0,603.0
30.3,362.0,288.0,463.0,685.0,606.0
30.4,362.0,289.0,473.0,690.0,606.0
30.5,366.0,289.0,473.0,690.0,607.0
30.6,366.0,291.0,475.0,690.0,607.0
30.7,378.0,291.0,475.0,690.0,614.0
30.8,378.0,293.0,487.0,694.0,614.0
30.9,382.0,293.0,487.0,694.0,631.0
31.0,382.0,294.0,493.0,695.0,631.0
31.1,383.0,294.0,493.0,695.0,633.0
31.2,383.0,294.0,494.0,695.0,633.0
31.3,385.0,296.0,494.0,697.0,633.0
31.4,385.0,296.0,499.0,697.0,633.0
31.5,387.0,297.0,499.0,701.0,634.0
31.6,387.0,297.0,504.0,701.0,634.0
31.7,387.0,298.0,504.0,713.0,635.0
31.8,400.0,298.0,510.0,713.0,635.0
31.9,400.0,301.0,510.0,716.0,635.0
32.0,403.0,301.0,512.0,716.0,635.0
32.1,403.0,304.0,512.0,719.0,636.0
32.2,404.0,304.0,515.0,719.0,636.0
32.3,404.0,304.0,515.0,719.0,637.0
32.4,407.0,304.0,515.0,719.0,637.0
32.5,407.0,304.0,515.0,720.0,640.0
32.6,408.0,304.0,521.0,720.0,640.0
32.7,408.0,305.0,521.0,720.0,643.0
32.8,410.0,305.0,523.0,720.0,643.0
32.9,410.0,305.0,523.0,720.0,645.0
33.0,415.0,307.0,523.0,720.0,645.0
33.1,415.0,307.0,523.0,720.0,647.0
33.2,420.0,310.0,532.0,720.0,647.0
33.3,420.0,310.0,532.0,720.0,648.0
33.4,420.0,312.0,532.0,722.0,648.0
33.5,436.0,312.0,535.0,722.0,651.0
33.6,436.0,312.0,535.0,728.0,651.0
33.7,440.0,312.0,536.0,728.0,653.0
33.8,440.0,313.0,536.0,730.0,653.0
33.9,446.0,313.0,538.0,730.0,658.0
34.0,446.0,317.0,538.0,732.0,658.0
34.1,452.0,317.0,542.0,732.0,659.0
34.2,452.0,319.0,542.0,732.0,659.0
34.3,454.0,319.0,542.0,732.0,660.0
34.4,454.0,319.0,542.0,733.0,660.0
34.5,458.0,319.0,543.0,733.0,663.0
34.6,458.0,319.0,543.0,733.0,663.0
34.7,461.0,319.0,544.0,733.0,665.0
34.8,461.0,319.0,544.0,733.0,665.0
34.9,466.0,320.0,549.0,746.0,666.0
35.0,466.0,320.0,549.0,746.0,666.0
35.1,466.0,320.0,551.0,752.0,666.0
35.2,470.0,320.0,551.0,752.0,666.0
35.3,470.0,322.0,552.0,757.0,667.0
35.4,490.0,322.0,552.0,757.0,667.0
35.5,490.0,327.0,560.0,758.0,667.0
35.6,492.0,327.0,560.0,758.0,667.0
35.7,492.0,329.0,565.0,758.0,668.0
35.8,492.0,329.0,565.0,758.0,668.0
35.9,492.0,331.0,567.0,761.0,668.0
36.0,500.0,331.0,567.0,761.0,668.0
36.1,500.0,333.0,573.0,764.0,670.0
36.2,503.0,333.0,573.0,764.0,670.0
36.3,503.0,333.0,575.0,764.0,674.0
36.4,503.0,338.0,575.0,765.0,674.0
36.5,503.0,338.0,584.0,765.0,675.0
36.6,505.0,338.0,584.0,766.0,675.0
36.7,505.0,338.0,585.0,766.0,675.0
36.8,505.0,341.0,585.0,767.0,675.0
36.9,506.0,341.0,595.0,767.0,677.0
37.0,506.0,341.0,595.0,768.0,677.0
37.1,506.0,341.0,596.0,768.0,678.0
37.2,506.0,343.0,596.0,770.0,678.0
37.3,515.0,343.0,601.0,770.0,678.0
37.4,515.0,343.0,601.0,771.0,678.0
37.5,515.0,343.0,610.0,771.0,679.0
37.6,515.0,343.0,610.0,772.0,679.0
37.7,523.0,343.0,610.0,772.0,681.0
37.8,523.0,344.0,610.0,782.0,681.0
37.9,538.0,344.0,613.0,782.0,683.0
38.0,538.0,344.0,613.0,782.0,683.0
38.1,564.0,344.0,621.0,783.0,683.0
38.2,564.0,344.0,621.0,783.0,683.0
38.3,565.0,348.0,623.0,786.0,688.0
38.4,565.0,348.0,623.0,786.0,688.0
38.5,565.0,354.0,641.0,789.0,691.0
38.6,567.0,354.0,641.0,789.0,691.0
38.7,567.0,356.0,649.0,789.0,691.0
38.8,570.0,356.0,649.0,789.0,691.0
38.9,570.0,363.0,650.0,789.0,693.0
39.0,582.0,363.0,650.0,789.0,693.0
39.1,582.0,364.0,653.0,790.0,695.0
39.2,590.0,364.0,653.0,790.0,695.0
39.3,590.0,365.0,656.0,790.0,698.0
39.4,591.0,365.0,656.0,790.0,698.0
39.5,591.0,369.0,658.0,791.0,701.0
39.6,592.0,369.0,658.0,791.0,701.0
39.7,592.0,369.0,661.0,791.0,703.0
39.8,604.0,374.0,661.0,791.0,703.0
39.9,604.0,374.0,663.0,791.0,705.0
40.0,604.0,378.0,663.0,792.0,705.0
40.1,604.0,378.0,689.0,792.0,706.0
40.2,604.0,385.0,689.0,792.0,706.0
40.3,608.0,385.0,694.0,792.0,710.0
40.4,608.0,390.0,694.0,793.0,710.0
40.5,610.0,390.0,696.0,793.0,711.0
40.6,610.0,390.0,696.0,799.0,711.0
40.7,612.0,390.0,698.0,799.0,712.0
40.8,612.0,394.0,698.0,801.0,712.0
40.9,620.0,394.0,701.0,801.0,713.0
41.0,620.0,395.0,701.0,801.0,713.0
41.1,621.0,395.0,709.0,801.0,715.0
41.2,621.0,396.0,709.0,802.0,715.0
41.3,623.0,396.0,717.0,802.0,716.0
41.4,623.0,396.0,717.0,802.0,716.0
41.5,634.0,405.0,721.0,805.0,718.0
41.6,634.0,405.0,721.0,805.0,718.0
41.7,634.0,408.0,722.0,811.0,726.0
41.8,638.0,408.0,722.0,811.0,726.0
41.9,638.0,411.0,722.0,814.0,728.0
42.0,644.0,411.0,722.0,814.0,728.0
42.1,644.0,411.0,727.0,815.0,733.0
42.2,647.0,411.0,727.0,815.0,733.0
42.3,647.0,414.0,730.0,818.0,733.0
42.4,650.0,414.0,730.0,818.0,733.0
42.5,650.0,427.0,731.0,822.0,734.0
42.6,654.0,427.0,731.0,822.0,734.0
42.7,654.0,441.0,734.0,822.0,736.0
42.8,657.0,441.0,734.0,822.0,736.0
42.9,657.0,449.0,746.0,823.0,738.0
43.0,659.0,449.0,746.0,823.0,738.0
43.1,659.0,452.0,749.0,829.0,739.0
43.2,662.0,452.0,749.0,829.0,739.0
43.3,662.0,452.0,754.0,829.0,744.0
43.4,662.0,454.0,754.0,839.0,744.0
43.5,663.0,454.0,754.0,839.0,746.0
43.6,663.0,466.0,754.0,841.0,746.0
43.7,665.0,466.0,759.0,841.0,748.0
43.8,665.0,470.0,759.0,843.0,748.0
43.9,670.0,470.0,763.0,843.0,749.0
44.0,670.0,470.0,763.0,852.0,749.0
44.1,671.0,470.0,764.0,852.0,752.0
44.2,671.0,470.0,764.0,852.0,752.0
44.3,681.0,470.0,764.0,852.0,752.0
44.4,681.0,472.0,764.0,852.0,752.0
44.5,684.0,472.0,764.0,852.0,752.0
44.6,684.0,483.0,764.0,856.0,752.0
44.7,691.0,483.0,764.0,856.0,755.0
44.8,691.0,483.0,764.0,859.0,755.0
44.9,692.0,483.0,765.0,859.0,757.0
45.0,692.0,483.0,765.0,859.0,757.0
45.1,692.0,497.0,765.0,859.0,759.0
45.2,698.0,497.0,765.0,859.0,759.0
45.3,698.0,500.0,769.0,859.0,763.0
45.4,699.0,500.0,769.0,859.0,763.0
45.5,699.0,506.0,769.0,862.0,764.0
45.6,706.0,506.0,769.0,862.0,764.0
45.7,706.0,509.0,772.0,866.0,766.0
45.8,714.0,509.0,772.0,866.0,766.0
45.9,714.0,509.0,774.0,867.0,766.0
46.0,717.0,509.0,774.0,867.0,766.0
46.1,717.0,511.0,774.0,867.0,768.0
46.2,720.0,511.0,774.0,867.0,768.0
46.3,720.0,522.0,777.0,870.0,769.0
46.4,730.0,522.0,777.0,870.0,769.0
46.5,730.0,525.0,778.0,871.0,772.0
46.6,741.0,525.0,778.0,871.0,772.0
46.7,741.0,525.0,778.0,871.0,772.0
46.8,741.0,527.0,778.0,871.0,772.0
46.9,746.0,527.0,782.0,871.0,773.0
47.0,746.0,543.0,782.0,875.0,773.0
47.1,761.0,543.0,782.0,875.0,774.0
47.2,761.0,543.0,782.0,877.0,774.0
47.3,762.0,543.0,785.0,877.0,774.0
47.4,762.0,547.0,785.0,879.0,774.0
47.5,764.0,547.0,785.0,879.0,775.0
47.6,764.0,568.0,785.0,883.0,775.0
47.7,765.0,568.0,787.0,883.0,776.0
47.8,765.0,580.0,787.0,884.0,776.0
47.9,766.0,580.0,789.0,884.0,777.0
48.0,766.0,584.0,789.0,885.0,777.0
48.1,769.0,584.0,791.0,885.0,777.0
48.2,769.0,586.0,791.0,887.0,777.0
48.3,770.0,586.0,791.0,887.0,778.0
48.4,770.0,586.0,791.0,887.0,778.0
48.5,770.0,607.0,791.0,892.0,779.0
48.6,771.0,607.0,791.0,892.0,779.0
48.7,771.0,612.0,795.0,893.0,779.0
48.8,773.0,612.0,795.0,893.0,779.0
48.9,773.0,617.0,798.0,899.0,780.0
49.0,778.0,617.0,798.0,899.0,780.0
49.1,778.0,626.0,799.0,899.0,783.0
49.2,785.0,626.0,799.0,899.0,783.0
49.3,785.0,632.0,800.0,904.0,784.0
49.4,792.0,632.0,800.0,904.0,784.0
49.5,792.0,643.0,802.0,915.0,785.0
49.6,794.0,643.0,802.0,915.0,785.0
49.7,794.0,648.0,807.0,915.0,786.0
49.8,810.0,648.0,807.0,915.0,786.0
49.9,810.0,651.0,809.0,916.0,786.0
50.0,810.0,651.0,809.0,916.0,786.0
50.1,810.0,651.0,809.0,916.0,787.0
50.2,810.0,661.0,810.0,919.0,787.0
50.3,814.0,661.0,810.0,919.0,787.0
50.4,814.0,687.0,811.0,919.0,787.0
50.5,820.0,687.0,811.0,919.0,789.0
50.6,820.0,689.0,821.0,921.0,789.0
50.7,822.0,689.0,821.0,921.0,789.0
50.8,822.0,714.0,822.0,922.0,789.0
50.9,831.0,714.0,822.0,922.0,792.0
51.0,831.0,720.0,824.0,923.0,792.0
51.1,839.0,720.0,824.0,923.0,792.0
51.2,839.0,733.0,828.0,924.0,792.0
51.3,845.0,733.0,828.0,924.0,793.0
51.4,845.0,751.0,830.0,924.0,793.0
51.5,847.0,751.0,830.0,924.0,794.0
51.6,847.0,758.0,840.0,927.0,794.0
51.7,847.0,758.0,840.0,927.0,795.0
51.8,848.0,758.0,843.0,927.0,795.0
51.9,848.0,762.0,843.0,935.0,797.0
52.0,850.0,762.0,848.0,935.0,797.0
52.1,850.0,764.0,848.0,936.0,800.0
52.2,854.0,764.0,854.0,936.0,800.0
52.3,854.0,764.0,854.0,937.0,801.0
52.4,856.0,764.0,856.0,937.0,801.0
52.5,856.0,765.0,856.0,937.0,801.0
52.6,866.0,765.0,861.0,937.0,801.0
52.7,866.0,766.0,861.0,937.0,806.0
52.8,870.0,766.0,867.0,937.0,806.0
52.9,870.0,766.0,867.0,944.0,814.0
53.0,883.0,766.0,869.0,944.0,814.0
53.1,883.0,766.0,869.0,945.0,819.0
53.2,884.0,766.0,875.0,945.0,819.0
53.3,884.0,767.0,875.0,947.0,821.0
53.4,884.0,767.0,875.0,947.0,821.0
53.5,884.0,767.0,875.0,947.0,821.0
53.6,884.0,767.0,877.0,960.0,821.0
53.7,887.0,767.0,877.0,960.0,823.0
53.8,887.0,767.0,878.0,964.0,823.0
53.9,889.0,767.0,878.0,964.0,824.0
54.0,889.0,770.0,880.0,967.0,824.0
54.1,892.0,770.0,880.0,967.0,828.0
54.2,892.0,772.0,885.0,968.0,828.0
54.3,899.0,772.0,885.0,968.0,836.0
54.4,899.0,774.0,886.0,973.0,836.0
54.5,902.0,774.0,886.0,973.0,837.0
54.6,902.0,774.0,887.0,973.0,837.0
54.7,904.0,774.0,887.0,973.0,839.0
54.8,904.0,775.0,888.0,974.0,839.0
54.9,905.0,775.0,888.0,974.0,839.0
55.0,905.0,776.0,891.0,977.0,839.0
55.1,905.0,776.0,891.0,977.0,841.0
55.2,913.0,776.0,898.0,977.0,841.0
55.3,913.0,780.0,898.0,980.0,841.0
55.4,917.0,780.0,906.0,980.0,841.0
55.5,917.0,780.0,906.0,980.0,843.0
55.6,920.0,780.0,908.0,980.0,843.0
55.7,920.0,782.0,908.0,981.0,851.0
55.8,921.0,782.0,917.0,981.0,851.0
55.9,921.0,782.0,917.0,983.0,852.0
56.0,923.0,782.0,918.0,983.0,852.0
56.1,923.0,784.0,918.0,983.0,852.0
56.2,926.0,784.0,919.0,983.0,852.0
56.3,926.0,784.0,919.0,988.0,854.0
56.4,928.0,784.0,919.0,988.0,854.0
56.5,928.0,784.0,919.0,994.0,855.0
56.6,929.0,784.0,921.0,994.0,855.0
56.7,929.0,788.0,921.0,997.0,855.0
56.8,929.0,788.0,921.0,997.0,855.0
56.9,930.0,788.0,921.0,997.0,858.0
57.0,930.0,790.0,922.0,999.0,858.0
57.1,930.0,790.0,922.0,999.0,859.0
57.2,930.0,790.0,928.0,1000.0,859.0
57.3,938.0,790.0,928.0,1000.0,859.0
57.4,938.0,794.0,929.0,1006.0,859.0
57.5,944.0,794.0,929.0,1006.0,859.0
57.6,944.0,795.0,936.0,1008.0,859.0
57.7,945.0,795.0,936.0,1008.0,862.0
57.8,945.0,797.0,941.0,1011.0,862.0
57.9,950.0,797.0,941.0,1011.0,865.0
58.0,950.0,798.0,944.0,1019.0,865.0
58.1,952.0,798.0,944.0,1019.0,865.0
58.2,952.0,800.0,945.0,1021.0,865.0
58.3,953.0,800.0,945.0,1021.0,865.0
58.4,953.0,800.0,947.0,1026.0,865.0
58.5,953.0,800.0,947.0,1026.0,866.0
58.6,954.0,802.0,947.0,1031.0,866.0
58.7,954.0,802.0,947.0,1031.0,868.0
58.8,957.0,802.0,951.0,1031.0,868.0
58.9,957.0,807.0,951.0,1033.0,872.0
59.0,960.0,807.0,957.0,1033.0,872.0
59.1,960.0,810.0,957.0,1034.0,873.0
59.2,963.0,810.0,957.0,1034.0,873.0
59.3,963.0,812.0,957.0,1036.0,876.0
59.4,965.0,812.0,959.0,1036.0,876.0
59.5,965.0,813.0,959.0,1040.0,879.0
59.6,966.0,813.0,966.0,1040.0,879.0
59.7,966.0,821.0,966.0,1042.0,880.0
59.8,976.0,821.0,973.0,1042.0,880.0
59.9,976.0,838.0,973.0,1043.0,880.0
60.0,976.0,838.0,979.0,1043.0,880.0
60.1,978.0,857.0,979.0,1044.0,880.0
60.2,978.0,857.0,985.0,1044.0,880.0
60.3,994.0,858.0,985.0,1048.0,881.0
60.4,994.0,858.0,986.0,1048.0,881.0
60.5,996.0,858.0,986.0,1048.0,881.0
60.6,996.0,870.0,988.0,1050.0,881.0
60.7,998.0,870.0,988.0,1050.0,882.0
60.8,998.0,875.0,989.0,1053.0,882.0
60.9,999.0,875.0,989.0,1053.0,883.0
61.0,999.0,876.0,989.0,1053.0,883.0
61.1,1000.0,876.0,989.0,1053.0,886.0
61.2,1000.0,881.0,990.0,1059.0,886.0
61.3,1014.0,881.0,990.0,1059.0,886.0
61.4,1014.0,885.0,991.0,1067.0,886.0
61.5,1022.0,885.0,991.0,1067.0,890.0
61.6,1022.0,890.0,993.0,1076.0,890.0
61.7,1022.0,890.0,993.0,1076.0,900.0
61.8,1022.0,891.0,994.0,1077.0,900.0
61.9,1022.0,891.0,994.0,1077.0,903.0
62.0,1025.0,896.0,997.0,1088.0,903.0
62.1,1025.0,896.0,997.0,1088.0,907.0
62.2,1028.0,896.0,1002.0,1088.0,907.0
62.3,1028.0,900.0,1002.0,1099.0,909.0
62.4,1032.0,900.0,1012.0,1099.0,909.0
62.5,1032.0,908.0,1012.0,1104.0,915.0
62.6,1036.0,908.0,1012.0,1104.0,915.0
62.7,1036.0,909.0,1012.0,1106.0,916.0
62.8,1043.0,909.0,1012.0,1106.0,916.0
62.9,1043.0,920.0,1012.0,1109.0,917.0
63.0,1044.0,920.0,1012.0,1109.0,917.0
63.1,1044.0,924.0,1012.0,1114.0,919.0
63.2,1045.0,924.0,1014.0,1114.0,919.0
63.3,1045.0,927.0,1014.0,1122.0,922.0
63.4,1045.0,927.0,1016.0,1122.0,922.0
63.5,1051.0,934.0,1016.0,1128.0,923.0
63.6,1051.0,934.0,1021.0,1128.0,923.0
63.7,1053.0,937.0,1021.0,1136.0,932.0
63.8,1053.0,937.0,1024.0,1136.0,932.0
63.9,1058.0,937.0,1024.0,1136.0,936.0
64.0,1058.0,940.0,1027.0,1144.0,936.0
64.1,1059.0,940.0,1027.0,1144.0,936.0
64.2,1059.0,940.0,1028.0,1146.0,936.0
64.3,1060.0,940.0,1028.0,1146.0,937.0
64.4,1060.0,943.0,1028.0,1166.0,937.0
64.5,1064.0,943.0,1028.0,1166.0,944.0
64.6,1064.0,950.0,1032.0,1170.0,944.0
64.7,1073.0,950.0,1032.0,1170.0,945.0
64.8,1073.0,950.0,1042.0,1178.0,945.0
64.9,1082.0,950.0,1042.0,1178.0,945.0
65.0,1082.0,950.0,1042.0,1181.0,945.0
65.1,1082.0,950.0,1042.0,1181.0,950.0
65.2,1089.0,951.0,1044.0,1181.0,950.0
65.3,1089.0,951.0,1044.0,1181.0,955.0
65.4,1097.0,952.0,1044.0,1182.0,955.0
65.5,1097.0,952.0,1044.0,1182.0,956.0
65.6,1098.0,952.0,1048.0,1182.0,956.0
65.7,1098.0,955.0,1048.0,1184.0,962.0
65.8,1099.0,955.0,1053.0,1184.0,962.0
65.9,1099.0,960.0,1053.0,1188.0,964.0
66.0,1101.0,960.0,1063.0,1188.0,964.0
66.1,1101.0,961.0,1063.0,1193.0,971.0
66.2,1105.0,961.0,1066.0,1193.0,971.0
66.3,1105.0,963.0,1066.0,1200.0,973.0
66.4,1115.0,963.0,1070.0,1200.0,973.0
66.5,1115.0,999.0,1070.0,1205.0,985.0
66.6,1115.0,999.0,1072.0,1205.0,985.0
66.7,1115.0,1003.0,1072.0,1206.0,988.0
66.8,1115.0,1003.0,1072.0,1206.0,988.0
66.9,1124.0,1006.0,1074.0,1207.0,997.0
67.0,1124.0,1006.0,1074.0,1207.0,997.0
67.1,1133.0,1011.0,1074.0,1223.0,999.0
67.2,1133.0,1011.0,1074.0,1223.0,999.0
67.3,1134.0,1011.0,1083.0,1223.0,1016.0
67.4,1134.0,1012.0,1083.0,1227.0,1016.0
67.5,1137.0,1012.0,1084.0,1227.0,1020.0
67.6,1137.0,1012.0,1084.0,1230.0,1020.0
67.7,1142.0,1012.0,1084.0,1230.0,1023.0
67.8,1142.0,1014.0,1084.0,1230.0,1023.0
67.9,1148.0,1014.0,1098.0,1230.0,1025.0
68.0,1148.0,1018.0,1098.0,1235.0,1025.0
68.1,1151.0,1018.0,1100.0,1235.0,1026.0
68.2,1151.0,1020.0,1100.0,1245.0,1026.0
68.3,1160.0,1020.0,1105.0,1245.0,1027.0
68.4,1160.0,1026.0,1105.0,1249.0,1027.0
68.5,1160.0,1026.0,1107.0,1249.0,1027.0
68.6,1161.0,1026.0,1107.0,1253.0,1027.0
68.7,1161.0,1026.0,1107.0,1253.0,1032.0
68.8,1172.0,1027.0,1107.0,1256.0,1032.0
68.9,1172.0,1027.0,1116.0,1256.0,1044.0
69.0,1181.0,1027.0,1116.0,1256.0,1044.0
69.1,1181.0,1027.0,1121.0,1259.0,1046.0
69.2,1189.0,1027.0,1121.0,1259.0,1046.0
69.3,1189.0,1031.0,1127.0,1269.0,1046.0
69.4,1190.0,1031.0,1127.0,1269.0,1046.0
69.5,1190.0,1033.0,1132.0,1271.0,1058.0
69.6,1190.0,1033.0,1132.0,1271.0,1058.0
69.7,1190.0,1039.0,1143.0,1293.0,1061.0
69.8,1197.0,1039.0,1143.0,1293.0,1061.0
69.9,1197.0,1040.0,1146.0,1315.0,1082.0
70.0,1197.0,1040.0,1146.0,1315.0,1082.0
70.1,1198.0,1044.0,1149.0,1327.0,1083.0
70.2,1198.0,1044.0,1149.0,1327.0,1083.0
70.3,1202.0,1044.0,1152.0,1330.0,1089.0
70.4,1202.0,1044.0,1152.0,1330.0,1089.0
70.5,1213.0,1045.0,1170.0,1332.0,1090.0
70.6,1213.0,1045.0,1170.0,1332.0,1090.0
70.7,1227.0,1045.0,1171.0,1332.0,1094.0
70.8,1227.0,1048.0,1171.0,1335.0,1094.0
70.9,1227.0,1048.0,1173.0,1335.0,1105.0
71.0,1227.0,1052.0,1173.0,1349.0,1105.0
71.1,1228.0,1052.0,1173.0,1349.0,1105.0
71.2,1228.0,1056.0,1173.0,1362.0,1105.0
71.3,1235.0,1056.0,1175.0,1362.0,1117.0
71.4,1235.0,1057.0,1175.0,1366.0,1117.0
71.5,1236.0,1057.0,1175.0,1366.0,1128.0
71.6,1236.0,1062.0,1175.0,1379.0,1128.0
71.7,1236.0,1062.0,1180.0,1379.0,1128.0
71.8,1238.0,1067.0,1180.0,1381.0,1128.0
71.9,1238.0,1067.0,1182.0,1381.0,1132.0
72.0,1241.0,1073.0,1182.0,1383.0,1132.0
72.1,1241.0,1073.0,1183.0,1383.0,1144.0
72.2,1246.0,1084.0,1183.0,1392.0,1144.0
72.3,1246.0,1084.0,1186.0,1392.0,1145.0
72.4,1250.0,1087.0,1186.0,1393.0,1145.0
72.5,1250.0,1087.0,1200.0,1393.0,1147.0
72.6,1262.0,1087.0,1200.0,1393.0,1147.0
72.7,1262.0,1099.0,1206.0,1403.0,1148.0
72.8,1282.0,1099.0,1206.0,1403.0,1148.0
72.9,1282.0,1104.0,1209.0,1405.0,1162.0
73.0,1290.0,1104.0,1209.0,1405.0,1162.0
73.1,1290.0,1108.0,1212.0,1407.0,1183.0
73.2,1300.0,1108.0,1212.0,1407.0,1183.0
73.3,1300.0,1110.0,1221.0,1422.0,1190.0
73.4,1300.0,1110.0,1221.0,1422.0,1190.0
73.5,1303.0,1113.0,1221.0,1429.0,1190.0
73.6,1303.0,1113.0,1221.0,1429.0,1190.0
73.7,1308.0,1123.0,1223.0,1449.0,1193.0
73.8,1308.0,1123.0,1223.0,1449.0,1193.0
73.9,1314.0,1124.0,1226.0,1451.0,1193.0
74.0,1314.0,1124.0,1226.0,1451.0,1193.0
74.1,1315.0,1124.0,1230.0,1459.0,1193.0
74.2,1315.0,1124.0,1230.0,1459.0,1193.0
74.3,1322.0,1124.0,1237.0,1459.0,1217.0
74.4,1322.0,1131.0,1237.0,1461.0,1217.0
74.5,1326.0,1131.0,1242.0,1461.0,1222.0
74.6,1326.0,1164.0,1242.0,1487.0,1222.0
74.7,1343.0,1164.0,1263.0,1487.0,1224.0
74.8,1343.0,1166.0,1263.0,1502.0,1224.0
74.9,1357.0,1166.0,1282.0,1502.0,1227.0
75.0,1357.0,1182.0,1282.0,1503.0,1227.0
75.1,1357.0,1182.0,1286.0,1503.0,1240.0
75.2,1368.0,1188.0,1286.0,1509.0,1240.0
75.3,1368.0,1188.0,1294.0,1509.0,1247.0
75.4,1392.0,1191.0,1294.0,1515.0,1247.0
75.5,1392.0,1191.0,1304.0,1515.0,1260.0
75.6,1399.0,1193.0,1304.0,1522.0,1260.0
75.7,1399.0,1193.0,1334.0,1522.0,1298.0
75.8,1407.0,1198.0,1334.0,1523.0,1298.0
75.9,1407.0,1198.0,1337.0,1523.0,1302.0
76.0,1429.0,1198.0,1337.0,1523.0,1302.0
76.1,1429.0,1199.0,1349.0,1523.0,1327.0
76.2,1438.0,1199.0,1349.0,1523.0,1327.0
76.3,1438.0,1207.0,1357.0,1542.0,1338.0
76.4,1438.0,1207.0,1357.0,1542.0,1338.0
76.5,1438.0,1215.0,1364.0,1571.0,1339.0
76.6,1445.0,1215.0,1364.0,1571.0,1339.0
76.7,1445.0,1218.0,1365.0,1578.0,1359.0
76.8,1445.0,1218.0,1365.0,1578.0,1359.0
76.9,1450.0,1225.0,1367.0,1594.0,1367.0
77.0,1450.0,1225.0,1367.0,1594.0,1367.0
77.1,1452.0,1240.0,1382.0,1618.0,1373.0
77.2,1452.0,1240.0,1382.0,1618.0,1373.0
77.3,1456.0,1242.0,1387.0,1620.0,1388.0
77.4,1456.0,1242.0,1387.0,1620.0,1388.0
77.5,1459.0,1249.0,1393.0,1635.0,1426.0
77.6,1459.0,1249.0,1393.0,1635.0,1426.0
77.7,1476.0,1249.0,1410.0,1635.0,1436.0
77.8,1476.0,1250.0,1410.0,1639.0,1436.0
77.9,1483.0,1250.0,1412.0,1639.0,1455.0
78.0,1483.0,1253.0,1412.0,1650.0,1455.0
78.1,1484.0,1253.0,1440.0,1650.0,1488.0
78.2,1484.0,1262.0,1440.0,1651.0,1488.0
78.3,1489.0,1262.0,1449.0,1651.0,1505.0
78.4,1489.0,1265.0,1449.0,1658.0,1505.0
78.5,1489.0,1265.0,1450.0,1658.0,1510.0
78.6,1504.0,1265.0,1450.0,1671.0,1510.0
78.7,1504.0,1265.0,1512.0,1671.0,1517.0
78.8,1509.0,1266.0,1512.0,1672.0,1517.0
78.9,1509.0,1266.0,1515.0,1672.0,1546.0
79.0,1512.0,1271.0,1515.0,1684.0,1546.0
79.1,1512.0,1271.0,1515.0,1684.0,1550.0
79.2,1515.0,1273.0,1515.0,1689.0,1550.0
79.3,1515.0,1273.0,1520.0,1689.0,1573.0
79.4,1518.0,1273.0,1520.0,1689.0,1573.0
79.5,1518.0,1276.0,1526.0,1692.0,1582.0
79.6,1521.0,1276.0,1526.0,1692.0,1582.0
79.7,1521.0,1277.0,1542.0,1696.0,1615.0
79.8,1554.0,1277.0,1542.0,1696.0,1615.0
79.9,1554.0,1282.0,1552.0,1702.0,1615.0
80.0,1554.0,1282.0,1552.0,1702.0,1615.0
80.1,1565.0,1282.0,1562.0,1702.0,1626.0
80.2,1565.0,1282.0,1562.0,1702.0,1626.0
80.3,1567.0,1286.0,1565.0,1702.0,1631.0
80.4,1567.0,1286.0,1565.0,1702.0,1631.0
80.5,1568.0,1287.0,1582.0,1713.0,1633.0
80.6,1568.0,1287.0,1582.0,1713.0,1633.0
80.7,1574.0,1287.0,1619.0,1720.0,1640.0
80.8,1574.0,1287.0,1619.0,1720.0,1640.0
80.9,1577.0,1290.0,1628.0,1722.0,1657.0
81.0,1577.0,1290.0,1628.0,1722.0,1657.0
81.1,1579.0,1290.0,1634.0,1722.0,1660.0
81.2,1579.0,1292.0,1634.0,1728.0,1660.0
81.3,1583.0,1292.0,1638.0,1728.0,1675.0
81.4,1583.0,1330.0,1638.0,1745.0,1675.0
81.5,1597.0,1330.0,1644.0,1745.0,1688.0
81.6,1597.0,1349.0,1644.0,1747.0,1688.0
81.7,1597.0,1349.0,1644.0,1747.0,1689.0
81.8,1603.0,1354.0,1644.0,1755.0,1689.0
81.9,1603.0,1354.0,1659.0,1755.0,1698.0
82.0,1620.0,1362.0,1659.0,1756.0,1698.0
82.1,1620.0,1362.0,1662.0,1756.0,1720.0
82.2,1632.0,1364.0,1662.0,1779.0,1720.0
82.3,1632.0,1364.0,1667.0,1779.0,1726.0
82.4,1634.0,1375.0,1667.0,1780.0,1726.0
82.5,1634.0,1375.0,1668.0,1780.0,1726.0
82.6,1645.0,1383.0,1668.0,1784.0,1726.0
82.7,1645.0,1383.0,1681.0,1784.0,1736.0
82.8,1688.0,1383.0,1681.0,1784.0,1736.0
82.9,1688.0,1394.0,1693.0,1786.0,1746.0
83.0,1703.0,1394.0,1693.0,1786.0,1746.0
83.1,1703.0,1412.0,1739.0,1792.0,1756.0
83.2,1713.0,1412.0,1739.0,1792.0,1756.0
83.3,1713.0,1414.0,1743.0,1797.0,1762.0
83.4,1713.0,1414.0,1743.0,1797.0,1762.0
83.5,1719.0,1418.0,1743.0,1808.0,1764.0
83.6,1719.0,1418.0,1744.0,1808.0,1764.0
83.7,1722.0,1426.0,1744.0,1811.0,1771.0
83.8,1722.0,1426.0,1749.0,1811.0,1771.0
83.9,1736.0,1436.0,1749.0,1828.0,1779.0
84.0,1736.0,1436.0,1750.0,1828.0,1779.0
84.1,1750.0,1440.0,1750.0,1829.0,1784.0
84.2,1750.0,1440.0,1758.0,1829.0,1784.0
84.3,1762.0,1445.0,1758.0,1829.0,1787.0
84.4,1762.0,1445.0,1766.0,1829.0,1787.0
84.5,1791.0,1445.0,1766.0,1829.0,1802.0
84.6,1791.0,1446.0,1817.0,1846.0,1802.0
84.7,1792.0,1446.0,1817.0,1846.0,1812.0
84.8,1792.0,1457.0,1827.0,1880.0,1812.0
84.9,1802.0,1457.0,1827.0,1880.0,1829.0
85.0,1802.0,1468.0,1833.0,1887.0,1829.0
85.1,1802.0,1468.0,1833.0,1887.0,1832.0
85.2,1820.0,1476.0,1833.0,1889.0,1832.0
85.3,1820.0,1476.0,1833.0,1889.0,1874.0
85.4,1847.0,1479.0,1844.0,1905.0,1874.0
85.5,1847.0,1479.0,1844.0,1905.0,1883.0
85.6,1852.0,1480.0,1847.0,1924.0,1883.0
85.7,1852.0,1480.0,1847.0,1924.0,1905.0
85.8,1869.0,1485.0,1855.0,1948.0,1905.0
85.9,1869.0,1485.0,1855.0,1948.0,1929.0
86.0,1887.0,1500.0,1876.0,1951.0,1929.0
86.1,1887.0,1500.0,1876.0,1951.0,1932.0
86.2,1888.0,1518.0,1890.0,1952.0,1932.0
86.3,1888.0,1518.0,1890.0,1952.0,1933.0
86.4,1890.0,1518.0,1891.0,1952.0,1933.0
86.5,1890.0,1537.0,1891.0,1980.0,1978.0
86.6,1895.0,1537.0,1897.0,1980.0,1978.0
86.7,1895.0,1538.0,1897.0,1994.0,1999.0
86.8,1895.0,1538.0,1911.0,1994.0,1999.0
86.9,1909.0,1542.0,1911.0,1995.0,2001.0
87.0,1909.0,1542.0,1920.0,1995.0,2001.0
87.1,1912.0,1545.0,1920.0,2001.0,2023.0
87.2,1912.0,1545.0,1928.0,2001.0,2023.0
87.3,1915.0,1545.0,1928.0,2029.0,2050.0
87.4,1915.0,1545.0,1951.0,2029.0,2050.0
87.5,1937.0,1554.0,1951.0,2033.0,2071.0
87.6,1937.0,1554.0,1967.0,2033.0,2071.0
87.7,1941.0,1571.0,1967.0,2044.0,2093.0
87.8,1941.0,1571.0,1981.0,2044.0,2093.0
87.9,1955.0,1590.0,1981.0,2056.0,2097.0
88.0,1955.0,1590.0,1990.0,2056.0,2097.0
88.1,1957.0,1590.0,1990.0,2056.0,2111.0
88.2,1957.0,1614.0,1992.0,2112.0,2111.0
88.3,1968.0,1614.0,1992.0,2112.0,2118.0
88.4,1968.0,1624.0,1999.0,2115.0,2118.0
88.5,1968.0,1624.0,1999.0,2115.0,2122.0
88.6,1992.0,1634.0,2025.0,2136.0,2122.0
88.7,1992.0,1634.0,2025.0,2136.0,2170.0
88.8,2025.0,1638.0,2046.0,2141.0,2170.0
88.9,2025.0,1638.0,2046.0,2141.0,2171.0
89.0,2029.0,1652.0,2055.0,2141.0,2171.0
89.1,2029.0,1652.0,2055.0,2141.0,2176.0
89.2,2042.0,1668.0,2084.0,2151.0,2176.0
89.3,2042.0,1668.0,2084.0,2151.0,2177.0
89.4,2046.0,1684.0,2088.0,2175.0,2177.0
89.5,2046.0,1684.0,2088.0,2175.0,2183.0
89.6,2052.0,1691.0,2093.0,2202.0,2183.0
89.7,2052.0,1691.0,2093.0,2202.0,2189.0
89.8,2063.0,1691.0,2104.0,2202.0,2189.0
89.9,2063.0,1701.0,2104.0,2224.0,2191.0
90.0,2063.0,1701.0,2112.0,2224.0,2191.0
90.1,2095.0,1714.0,2112.0,2239.0,2200.0
90.2,2095.0,1714.0,2141.0,2239.0,2200.0
90.3,2107.0,1736.0,2141.0,2248.0,2208.0
90.4,2107.0,1736.0,2154.0,2248.0,2208.0
90.5,2178.0,1736.0,2154.0,2258.0,2239.0
90.6,2178.0,1736.0,2191.0,2258.0,2239.0
90.7,2189.0,1738.0,2191.0,2260.0,2245.0
90.8,2189.0,1738.0,2213.0,2260.0,2245.0
90.9,2192.0,1768.0,2213.0,2280.0,2258.0
91.0,2192.0,1768.0,2247.0,2280.0,2258.0
91.1,2231.0,1769.0,2247.0,2292.0,2306.0
91.2,2231.0,1769.0,2262.0,2292.0,2306.0
91.3,2286.0,1778.0,2262.0,2309.0,2309.0
91.4,2286.0,1778.0,2276.0,2309.0,2309.0
91.5,2305.0,1778.0,2276.0,2309.0,2378.0
91.6,2305.0,1781.0,2280.0,2311.0,2378.0
91.7,2305.0,1781.0,2280.0,2311.0,2416.0
91.8,2306.0,1799.0,2312.0,2315.0,2416.0
91.9,2306.0,1799.0,2312.0,2315.0,2422.0
92.0,2315.0,1815.0,2342.0,2318.0,2422.0
92.1,2315.0,1815.0,2342.0,2318.0,2434.0
92.2,2334.0,1838.0,2350.0,2382.0,2434.0
92.3,2334.0,1838.0,2350.0,2382.0,2448.0
92.4,2374.0,1867.0,2382.0,2415.0,2448.0
92.5,2374.0,1867.0,2382.0,2415.0,2449.0
92.6,2435.0,1890.0,2412.0,2415.0,2449.0
92.7,2435.0,1890.0,2412.0,2415.0,2454.0
92.8,2447.0,1918.0,2416.0,2432.0,2454.0
92.9,2447.0,1918.0,2416.0,2432.0,2556.0
93.0,2469.0,1922.0,2454.0,2454.0,2556.0
93.1,2469.0,1922.0,2454.0,2454.0,2580.0
93.2,2475.0,1922.0,2460.0,2454.0,2580.0
93.3,2475.0,1934.0,2460.0,2455.0,2583.0
93.4,2475.0,1934.0,2480.0,2455.0,2583.0
93.5,2491.0,1966.0,2480.0,2464.0,2588.0
93.6,2491.0,1966.0,2638.0,2464.0,2588.0
93.7,2624.0,1998.0,2638.0,2489.0,2598.0
93.8,2624.0,1998.0,2640.0,2489.0,2598.0
93.9,2625.0,2071.0,2640.0,2519.0,2652.0
94.0,2625.0,2071.0,2703.0,2519.0,2652.0
94.1,2713.0,2151.0,2703.0,2580.0,2668.0
94.2,2713.0,2151.0,2726.0,2580.0,2668.0
94.3,2729.0,2177.0,2726.0,2588.0,2776.0
94.4,2729.0,2177.0,2729.0,2588.0,2776.0
94.5,2732.0,2273.0,2729.0,2611.0,2781.0
94.6,2732.0,2273.0,2729.0,2611.0,2781.0
94.7,2735.0,2327.0,2729.0,2624.0,2837.0
94.8,2735.0,2327.0,2744.0,2624.0,2837.0
94.9,2783.0,2327.0,2744.0,2624.0,2872.0
95.0,2783.0,2345.0,2787.0,2663.0,2872.0
95.1,2783.0,2345.0,2787.0,2663.0,2876.0
95.2,2822.0,2414.0,2906.0,2752.0,2876.0
95.3,2822.0,2414.0,2906.0,2752.0,2887.0
95.4,2905.0,2459.0,3101.0,2859.0,2887.0
95.5,2905.0,2459.0,3101.0,2859.0,2936.0
95.6,3045.0,2510.0,3324.0,2900.0,2936.0
95.7,3045.0,2510.0,3324.0,2900.0,2985.0
95.8,3062.0,2514.0,3451.0,2909.0,2985.0
95.9,3062.0,2514.0,3451.0,2909.0,3005.0
96.0,3395.0,2717.0,3594.0,2936.0,3005.0
96.1,3395.0,2717.0,3594.0,2936.0,3168.0
96.2,3457.0,2929.0,3650.0,2958.0,3168.0
96.3,3457.0,2929.0,3650.0,2958.0,3202.0
96.4,3496.0,2933.0,4223.0,3012.0,3202.0
96.5,3496.0,2933.0,4223.0,3012.0,3311.0
96.6,3631.0,2933.0,4223.0,3012.0,3311.0
96.7,3631.0,2938.0,4223.0,3210.0,3326.0
96.8,3631.0,2938.0,4548.0,3210.0,3326.0
96.9,3699.0,3009.0,4548.0,3248.0,3368.0
97.0,3699.0,3009.0,4750.0,3248.0,3368.0
97.1,3735.0,3118.0,4750.0,3658.0,3807.0
97.2,3735.0,3118.0,5179.0,3658.0,3807.0
97.3,3867.0,3572.0,5179.0,3709.0,4681.0
97.4,3867.0,3572.0,5782.0,3709.0,4681.0
97.5,4422.0,3671.0,5782.0,3754.0,4757.0
97.6,4422.0,3671.0,6299.0,3754.0,4757.0
97.7,5018.0,4134.0,6299.0,3885.0,4883.0
97.8,5018.0,4134.0,6639.0,3885.0,4883.0
97.9,5792.0,4229.0,6639.0,3966.0,4932.0
98.0,5792.0,4229.0,7005.0,3966.0,4932.0
98.1,6428.0,6137.0,7005.0,3993.0,4952.0
98.2,6428.0,6137.0,7142.0,3993.0,4952.0
98.3,6441.0,6137.0,7142.0,3993.0,4963.0
98.4,6441.0,6302.0,7814.0,4010.0,4963.0
98.5,6441.0,6302.0,7814.0,4010.0,5100.0
98.6,6465.0,6745.0,8980.0,4412.0,5100.0
98.7,6465.0,6745.0,8980.0,4412.0,5338.0
98.8,6585.0,8082.0,9512.0,4881.0,5338.0
98.9,6585.0,8082.0,9512.0,4881.0,6384.0
99.0,6728.0,9906.0,11310.0,4883.0,6384.0
99.1,6728.0,9906.0,11310.0,4883.0,7099.0
99.2,8114.0,10289.0,11451.0,6189.0,7099.0
99.3,8114.0,10289.0,11451.0,6189.0,13364.0
99.4,9493.0,11277.0,11981.0,7512.0,13364.0
99.5,9493.0,11277.0,11981.0,7512.0,81660.0
99.6,10292.0,64284.0,13272.0,13330.0,81660.0
99.7,10292.0,64284.0,13272.0,13330.0,82745.0
99.8,75311.0,71856.0,60941.0,114006.0,82745.0
99.9,75311.0,71856.0,60941.0,114006.0,102291.0
